employee_id,department,region,job_level,age,tenure_years,salary,training_hours,performance_score,satisfaction_score,overtime,remote_ratio,promotion_last_2y,hire_date,snapshot_date,left_company
E0001,Marketing,North,Senior,37,7.0,70400,30.2,3.82,2.94,false,0,false,2018-09-29,2025-09-28,false
E0002,Marketing,West,Junior,32,1.8,41600,52.8,3.8,3.72,false,75,false,2023-09-10,2025-06-28,false
E0003,Finance,East,Senior,41,9.8,77600,2.2,3.64,3.13,false,50,false,2016-01-10,2025-10-28,false
E0004,Engineering,South,Senior,34,12.9,101000,17.6,3.39,3.72,false,50,true,2013-01-04,2025-11-28,false
E0005,Support,North,Mid,30,2.9,43700,17.9,2.83,4.65,false,50,false,2022-06-04,2025-04-28,false
E0006,Operations,West,Junior,20,0.6,47400,46.1,4.08,2.92,false,75,false,2024-10-21,2025-05-28,false
E0007,Operations,East,Senior,32,8.4,66300,37.0,3.85,3.79,false,100,true,2017-07-05,2025-11-28,false
E0008,Engineering,West,Mid,30,4.3,67000,60.0,4.42,4.76,false,75,false,2021-08-11,2025-11-28,false
E0009,Data,South,Mid,38,6.8,65200,39.1,3.42,3.81,false,100,false,2018-06-10,2025-03-28,false
E0010,Engineering,North,Mid,40,4.4,70200,52.8,4.04,3.95,false,100,false,2020-10-05,2025-02-28,false
E0011,Sales,North,Lead,48,14.4,99400,30.2,4.94,3.6,false,75,false,2011-08-05,2025-12-28,false
E0012,Data,East,Mid,30,4.6,67300,51.4,4.01,3.88,false,50,true,2021-04-23,2025-11-28,false
E0013,Engineering,North,Senior,34,5.6,91800,36.3,2.71,3.99,false,50,false,2019-09-22,2025-04-28,false
E0014,Marketing,East,Mid,34,4.3,51900,25.7,3.6,3.17,false,0,false,2021-01-09,2025-04-28,false
E0015,Sales,South,Mid,31,3.4,63600,21.5,4.17,3.88,false,0,false,2021-12-04,2025-04-28,false
E0016,Sales,South,Senior,40,12.2,77900,31.6,3.39,3.85,false,100,false,2013-10-16,2025-12-28,false
E0017,Sales,West,Junior,36,0.9,41400,36.4,2.39,2.94,true,50,false,2024-11-04,2025-09-28,true
E0018,Engineering,North,Mid,31,3.2,72200,61.8,3.39,3.52,false,50,false,2022-07-18,2025-09-28,false
E0019,Data,East,Junior,27,1.2,47300,50.6,5.0,4.07,true,50,true,2024-02-15,2025-04-28,false
E0020,Engineering,East,Senior,40,12.0,92900,39.7,2.95,2.64,false,100,false,2013-01-28,2025-01-28,false
E0021,Sales,North,Lead,40,9.6,89800,15.7,3.67,3.49,false,100,true,2016-01-22,2025-08-28,false
E0022,Support,North,Junior,37,1.3,36700,54.9,4.35,3.84,false,75,false,2024-04-10,2025-07-28,false
E0023,Engineering,South,Mid,31,6.2,68000,52.6,4.42,4.24,false,100,true,2019-02-15,2025-04-28,false
E0024,Finance,West,Lead,36,17.0,113200,20.4,4.3,3.35,true,100,true,2008-06-28,2025-06-28,false
E0025,Finance,South,Junior,39,2.4,54200,58.9,3.37,3.61,false,50,false,2022-09-05,2025-01-28,false
E0026,Finance,East,Senior,50,12.7,86600,46.5,3.72,2.67,false,100,true,2012-09-15,2025-05-28,false
E0027,Support,East,Junior,24,1.8,43200,24.8,3.28,3.73,true,100,false,2023-12-11,2025-09-28,false
E0028,Sales,South,Mid,32,2.3,51200,33.5,2.96,3.68,false,100,false,2023-04-10,2025-07-28,false
E0029,Operations,South,Junior,23,2.0,45100,60.6,3.56,4.58,false,100,false,2023-10-29,2025-10-28,false
E0030,Sales,West,Mid,36,4.6,58100,15.2,3.93,3.42,false,75,false,2020-07-24,2025-02-28,false
E0031,Operations,East,Junior,33,0.6,39800,32.8,3.05,3.29,true,50,false,2025-01-21,2025-08-28,false
E0032,Engineering,North,Senior,37,11.9,99900,22.4,3.15,2.94,true,100,false,2013-04-06,2025-02-28,false
E0033,Operations,East,Lead,40,18.7,89500,3.3,3.71,3.5,false,100,true,2006-08-16,2025-04-28,false
E0034,Data,West,Mid,25,3.4,66900,50.2,3.54,3.55,false,50,true,2022-08-05,2025-12-28,false
E0035,Data,West,Mid,29,4.7,66700,25.1,3.87,4.21,false,75,false,2020-05-18,2025-01-28,false
E0036,Data,West,Senior,33,12.6,86200,43.9,4.28,3.88,false,75,true,2012-06-23,2025-01-28,false
E0037,Marketing,West,Senior,53,11.7,68400,7.6,3.91,3.28,false,75,false,2013-07-16,2025-03-28,false
E0038,Finance,South,Mid,35,3.7,63400,35.9,2.98,4.01,false,50,false,2021-05-18,2025-01-28,false
E0039,Finance,North,Senior,39,10.2,74200,31.7,3.39,3.15,true,0,true,2015-10-17,2025-12-28,false
E0040,Finance,North,Senior,28,6.3,77400,44.4,3.41,4.2,false,50,false,2019-01-09,2025-04-28,false
E0041,Operations,South,Junior,35,2.3,35900,76.9,3.46,5.0,false,50,false,2023-03-11,2025-06-28,true
E0042,Sales,West,Junior,33,2.9,38800,38.4,2.2,3.6,false,50,false,2022-11-04,2025-09-28,false
E0043,Sales,East,Mid,35,3.2,52600,24.5,3.0,3.92,false,75,false,2022-06-17,2025-08-28,false
E0044,Operations,East,Junior,35,1.8,44100,44.4,3.95,3.77,false,25,false,2023-07-11,2025-04-28,false
E0045,Marketing,West,Mid,29,2.1,54900,42.7,2.56,4.53,false,50,false,2023-05-23,2025-06-28,false
E0046,Data,East,Junior,46,2.2,48500,74.6,4.58,4.37,false,75,false,2023-08-17,2025-10-28,false
E0047,Sales,East,Lead,45,18.0,103700,18.4,4.26,3.72,true,0,false,2007-11-29,2025-11-28,false
E0048,Sales,North,Mid,34,4.3,52500,44.6,3.7,2.35,true,100,false,2020-11-11,2025-02-28,false
E0049,Operations,South,Junior,24,1.7,52700,67.8,3.83,4.64,false,100,false,2023-12-17,2025-08-28,false
E0050,Marketing,West,Junior,37,1.9,36200,42.5,4.13,3.91,false,25,true,2023-05-05,2025-03-28,false
E0051,Engineering,West,Mid,32,5.0,70800,41.4,4.32,3.01,false,75,false,2020-11-28,2025-11-28,false
E0052,Engineering,North,Mid,29,5.2,74600,34.8,4.25,2.81,true,25,false,2020-03-16,2025-05-28,false
E0053,Sales,East,Mid,28,6.7,57100,44.7,3.69,3.85,false,50,false,2019-02-15,2025-10-28,false
E0054,Engineering,East,Mid,36,5.8,71000,57.9,3.8,4.44,false,50,false,2019-05-13,2025-02-28,false
E0055,Finance,East,Mid,30,6.3,69300,35.7,3.16,4.93,false,50,true,2019-04-10,2025-07-28,false
E0056,HR,North,Mid,34,4.7,47500,45.7,3.04,3.25,false,100,true,2021-01-16,2025-09-28,false
E0057,Data,West,Junior,28,2.9,50000,65.6,4.83,4.43,false,0,false,2022-04-06,2025-02-28,false
E0058,Engineering,East,Mid,31,3.4,72000,19.4,3.96,2.71,false,50,false,2021-11-03,2025-03-28,false
E0059,Data,West,Mid,34,5.9,66900,42.9,3.98,2.83,false,75,false,2019-08-05,2025-06-28,false
E0060,Sales,West,Lead,42,18.4,103600,23.0,4.18,3.3,false,100,true,2007-03-05,2025-07-28,false
E0061,Marketing,South,Mid,23,2.2,50800,57.3,2.9,3.11,false,50,false,2023-09-17,2025-11-28,false
E0062,Engineering,East,Mid,36,5.5,63500,28.6,3.73,3.4,false,100,false,2020-02-28,2025-08-28,false
E0063,Engineering,North,Junior,29,2.1,55900,83.7,4.18,4.94,false,100,false,2022-12-23,2025-01-28,false
E0064,Operations,East,Mid,34,4.2,51200,53.3,4.27,4.14,false,25,false,2021-09-16,2025-11-28,false
E0065,Support,South,Junior,22,1.9,38800,63.9,4.74,3.59,false,50,false,2023-07-05,2025-05-28,false
E0066,Sales,East,Mid,37,3.5,62400,41.9,3.82,2.93,true,50,false,2021-07-30,2025-01-28,false
E0067,Marketing,East,Junior,33,2.6,30900,69.4,3.86,3.6,false,100,false,2022-09-22,2025-04-28,false
E0068,Marketing,South,Mid,31,6.5,52500,34.5,3.35,3.68,false,50,true,2019-06-29,2025-12-28,false
E0069,Data,East,Mid,37,6.6,64500,51.7,3.64,3.38,false,100,false,2018-08-22,2025-03-28,false
E0070,Data,West,Lead,48,17.7,112500,42.5,4.36,2.47,true,50,false,2008-02-16,2025-10-28,false
E0071,Marketing,East,Junior,40,0.7,42000,31.4,3.73,3.17,false,0,false,2024-11-15,2025-07-28,false
E0072,Engineering,North,Junior,20,1.5,59600,71.2,3.08,3.03,true,50,false,2024-01-28,2025-07-28,false
E0073,Operations,West,Mid,24,6.2,46100,38.9,3.64,4.52,false,50,false,2019-04-17,2025-06-28,false
E0074,Support,East,Junior,34,0.8,46500,48.7,4.14,3.91,false,0,false,2024-04-11,2025-01-28,false
E0075,Data,South,Senior,38,6.6,79500,17.8,3.52,2.6,true,100,true,2018-08-22,2025-03-28,false
E0076,Sales,South,Junior,23,2.6,46500,61.6,3.74,4.32,false,50,true,2022-12-22,2025-07-28,false
E0077,Operations,West,Mid,27,3.8,48100,44.7,3.34,4.56,false,100,false,2021-04-12,2025-01-28,false
E0078,Sales,West,Mid,27,2.5,52200,30.4,3.53,3.83,false,50,false,2023-04-29,2025-10-28,false
E0079,Finance,East,Mid,40,5.0,66100,51.6,3.81,3.31,false,100,true,2020-06-28,2025-06-28,false
E0080,Finance,North,Junior,35,0.9,47300,81.2,3.97,4.26,false,50,false,2025-02-03,2025-12-28,false
E0081,Operations,North,Mid,31,4.8,53400,32.1,3.22,4.37,false,100,false,2020-09-09,2025-06-28,false
E0082,Sales,South,Mid,20,3.1,60200,55.4,3.26,3.1,false,100,false,2022-09-22,2025-10-28,false
E0083,Marketing,North,Mid,33,5.3,52700,39.3,3.67,4.61,false,50,false,2019-11-12,2025-02-28,false
E0084,Marketing,North,Junior,32,1.6,38000,62.5,4.69,2.82,true,50,false,2023-06-24,2025-01-28,true
E0085,Operations,North,Mid,28,3.4,46200,33.8,3.05,3.77,false,0,false,2022-04-05,2025-08-28,false
E0086,Data,South,Mid,35,5.0,69100,46.4,4.06,3.74,false,25,true,2020-12-28,2025-12-28,false
E0087,Engineering,South,Mid,35,6.2,67600,48.1,4.11,3.22,true,100,false,2019-10-17,2025-12-28,false
E0088,Data,West,Junior,24,1.0,52100,43.5,3.9,4.7,false,100,false,2024-10-28,2025-10-28,false
E0089,Engineering,East,Senior,35,6.8,85600,25.9,2.75,2.68,true,100,false,2018-06-10,2025-03-28,false
E0090,Engineering,South,Junior,40,0.5,51600,53.7,3.66,3.24,false,75,false,2025-05-30,2025-11-28,false
E0091,Sales,East,Senior,39,10.0,76500,22.3,3.15,3.14,true,0,true,2015-01-29,2025-01-28,false
E0092,Data,North,Mid,32,4.5,59900,49.2,3.91,2.99,false,100,false,2020-12-28,2025-06-28,false
E0093,Sales,North,Mid,42,6.1,46400,55.7,4.38,3.77,true,100,false,2019-05-23,2025-06-28,false
E0094,Data,West,Senior,38,10.4,94900,40.0,3.63,3.26,false,50,true,2015-07-06,2025-11-28,false
E0095,Marketing,South,Mid,36,4.9,56300,58.7,4.16,3.73,false,50,false,2020-08-04,2025-06-28,false
E0096,Marketing,North,Mid,30,4.1,50000,50.0,3.46,4.36,false,25,true,2021-02-20,2025-03-28,false
E0097,Data,North,Mid,32,4.7,60100,34.2,3.64,2.79,false,50,false,2021-02-15,2025-10-28,false
E0098,Engineering,West,Junior,32,1.1,49900,29.5,2.91,3.82,false,100,false,2024-07-23,2025-08-28,false
E0099,Engineering,West,Mid,26,3.4,69500,65.8,3.79,3.71,false,25,false,2022-05-06,2025-09-28,false
E0100,Operations,North,Junior,38,2.3,39200,77.6,3.77,3.84,true,50,false,2023-03-11,2025-06-28,false
E0101,Finance,West,Mid,37,3.2,60300,67.0,3.87,4.21,false,75,false,2022-06-17,2025-08-28,false
E0102,Engineering,West,Mid,27,2.0,67300,50.0,2.96,3.73,false,50,true,2023-05-29,2025-05-28,false
E0103,Engineering,South,Mid,31,6.0,69500,58.3,3.83,2.95,true,50,false,2019-10-29,2025-10-28,false
E0104,Sales,South,Mid,33,2.4,54800,41.3,3.41,4.41,false,50,false,2023-04-05,2025-08-28,false
E0105,Finance,East,Junior,29,0.0,43100,52.3,3.41,3.19,false,100,false,2025-11-28,2025-11-28,false
E0106,Operations,West,Lead,43,13.7,88400,29.4,3.89,4.07,false,100,false,2011-05-19,2025-01-28,false
E0107,Data,West,Lead,42,14.5,119300,31.7,3.76,4.21,false,100,true,2011-01-27,2025-07-28,false
E0108,HR,West,Mid,33,2.9,46900,32.2,3.62,4.16,false,50,false,2022-05-04,2025-03-28,false
E0109,Finance,North,Mid,23,3.5,62900,48.0,4.15,4.37,false,100,false,2022-05-30,2025-11-28,false
E0110,Support,North,Mid,28,4.0,40000,40.5,2.93,3.58,true,0,false,2021-03-28,2025-03-28,true
E0111,Operations,East,Mid,38,6.7,53600,31.9,3.83,3.76,false,0,true,2018-09-15,2025-05-28,false
E0112,Engineering,South,Mid,36,3.9,63600,42.8,3.53,4.19,false,50,false,2021-10-04,2025-08-28,false
E0113,Engineering,North,Mid,32,6.5,70100,37.2,4.14,2.81,false,50,false,2018-09-27,2025-03-28,false
E0114,Support,South,Senior,40,9.1,65800,36.1,3.79,3.89,true,100,true,2016-08-23,2025-09-28,false
E0115,HR,North,Junior,30,3.0,34600,56.5,3.33,2.44,true,100,false,2022-06-29,2025-06-28,true
E0116,HR,South,Senior,29,6.0,55100,30.6,3.76,3.57,false,50,false,2019-04-29,2025-04-28,false
E0117,Support,East,Senior,30,7.0,57700,37.6,4.18,4.04,false,50,true,2018-11-29,2025-11-28,false
E0118,Support,East,Senior,49,9.5,64700,28.7,3.3,2.47,true,75,false,2016-01-28,2025-07-28,false
E0119,Engineering,East,Mid,32,3.5,73800,36.0,2.98,3.99,false,25,false,2021-09-27,2025-03-28,false
E0120,Operations,East,Lead,41,9.6,78600,34.3,4.05,3.66,false,50,true,2015-10-22,2025-05-28,false
E0121,HR,West,Junior,33,2.6,42600,45.6,2.95,3.58,false,50,false,2022-06-24,2025-01-28,false
E0122,Finance,West,Lead,38,10.6,99900,26.8,3.2,3.38,false,100,true,2014-07-25,2025-02-28,false
E0123,HR,East,Senior,30,7.9,68700,35.8,3.67,3.78,true,50,false,2018-01-04,2025-11-28,false
E0124,Engineering,North,Mid,30,6.0,63700,68.0,3.9,3.32,false,25,true,2019-03-29,2025-03-28,false
E0125,Operations,West,Junior,39,2.7,48300,49.4,3.09,4.37,false,100,false,2022-12-16,2025-08-28,false
E0126,Data,North,Mid,30,5.4,71500,44.2,3.52,3.81,false,100,false,2020-07-05,2025-11-28,false
E0127,Operations,South,Senior,41,9.7,74800,15.6,4.62,2.36,true,75,true,2015-05-19,2025-01-28,false
E0128,Finance,West,Mid,35,4.1,62800,17.5,3.34,3.9,false,100,true,2021-05-23,2025-06-28,false
E0129,Sales,West,Junior,33,0.5,40200,42.5,3.15,4.51,false,75,false,2024-10-28,2025-04-28,false
E0130,Data,East,Senior,32,10.6,87800,23.1,3.3,4.37,false,50,true,2015-03-24,2025-10-28,false
E0131,Finance,West,Senior,42,12.6,84300,26.9,3.72,4.44,false,50,true,2013-02-21,2025-09-28,false
E0132,Sales,East,Junior,36,1.8,40500,49.7,3.41,3.71,false,50,false,2024-03-11,2025-12-28,false
E0133,Operations,South,Junior,35,1.7,38200,74.7,4.23,3.56,false,25,false,2023-06-19,2025-02-28,false
E0134,Data,North,Senior,33,6.4,85800,30.4,3.84,3.26,false,100,false,2019-01-03,2025-05-28,false
E0135,Engineering,North,Lead,32,12.0,113700,5.2,3.33,2.75,true,50,true,2013-12-28,2025-12-28,false
E0136,Data,South,Junior,39,1.0,48500,73.8,3.41,3.71,false,75,false,2024-06-28,2025-06-28,false
E0137,Marketing,South,Lead,42,13.7,90100,15.1,3.1,3.92,false,50,true,2011-10-17,2025-06-28,false
E0138,Engineering,North,Mid,27,2.8,61600,23.1,2.62,3.41,false,100,false,2022-09-10,2025-06-28,false
E0139,Data,South,Mid,38,4.3,64600,38.8,3.88,2.71,false,100,false,2021-07-11,2025-10-28,false
E0140,Engineering,West,Mid,24,3.8,68300,43.3,4.11,4.04,false,100,true,2021-12-11,2025-09-28,false
E0141,Operations,West,Junior,32,1.5,35600,41.9,3.69,3.16,true,50,false,2023-07-31,2025-01-28,false
E0142,Sales,North,Mid,25,5.5,54600,41.0,3.66,3.41,false,100,true,2019-09-28,2025-03-28,false
E0143,Support,West,Mid,23,6.5,52000,38.8,4.25,3.96,false,100,true,2019-03-30,2025-09-28,false
E0144,Engineering,South,Senior,47,11.0,97800,33.3,3.98,3.42,false,50,true,2014-03-29,2025-03-28,false
E0145,Support,North,Junior,20,2.0,30700,60.3,2.99,3.11,true,50,false,2023-04-29,2025-04-28,false
E0146,Finance,South,Mid,37,5.8,63500,36.0,3.23,4.3,false,50,false,2020-02-10,2025-11-28,false
E0147,Data,South,Lead,39,14.3,113700,14.2,3.4,3.26,false,25,true,2011-03-11,2025-06-28,false
E0148,Marketing,East,Mid,26,4.0,51700,48.7,4.55,3.97,false,50,true,2021-08-28,2025-08-28,false
E0149,Sales,West,Mid,31,2.7,56300,27.0,3.25,2.63,false,0,false,2023-03-18,2025-11-28,false
E0150,Engineering,North,Junior,27,2.3,52300,44.1,4.53,3.2,false,100,true,2023-01-09,2025-04-28,false
E0151,Engineering,West,Senior,37,10.6,88600,35.6,3.51,4.17,false,50,true,2015-01-22,2025-08-28,false
E0152,Operations,West,Senior,32,7.6,68500,40.1,3.59,3.27,true,100,false,2018-03-24,2025-10-28,false
E0153,Finance,South,Junior,25,0.7,46100,29.0,2.46,3.34,false,100,false,2024-12-16,2025-08-28,false
E0154,Operations,South,Junior,30,1.6,43600,75.1,3.69,3.12,false,100,true,2024-04-23,2025-11-28,true
E0155,Engineering,South,Senior,35,6.9,86900,24.4,3.04,3.64,false,75,false,2018-03-06,2025-01-28,false
E0156,Finance,North,Mid,27,3.4,61400,41.7,2.52,4.19,false,75,true,2021-10-06,2025-02-28,false
E0157,Data,East,Senior,31,7.1,87300,23.2,3.07,3.98,false,50,false,2018-10-23,2025-11-28,false
E0158,Engineering,West,Mid,23,4.4,62900,33.0,3.1,2.93,true,100,false,2020-10-05,2025-02-28,false
E0159,Support,South,Junior,35,2.6,34600,58.1,3.55,4.02,false,100,false,2022-11-22,2025-06-28,true
E0160,Data,South,Senior,38,10.7,88400,37.6,3.37,3.44,true,50,false,2014-10-16,2025-06-28,false
E0161,Operations,North,Mid,40,6.9,54800,47.3,3.07,3.48,false,100,true,2018-07-04,2025-05-28,false
E0162,Sales,South,Mid,40,6.7,51400,48.9,3.16,3.06,false,0,false,2018-06-18,2025-02-28,false
E0163,Finance,South,Senior,36,7.5,81300,27.3,3.72,4.06,false,25,false,2018-01-27,2025-07-28,false
E0164,Engineering,North,Mid,39,5.9,69300,44.7,3.04,3.75,false,100,false,2019-06-05,2025-04-28,false
E0165,Engineering,West,Junior,28,0.8,54100,62.4,2.89,4.36,false,100,false,2024-11-09,2025-08-28,false
E0166,Engineering,North,Junior,38,0.0,44600,70.9,3.89,3.55,false,100,false,2025-11-28,2025-11-28,false
E0167,Engineering,East,Mid,30,5.5,68700,38.3,4.38,4.04,false,75,true,2019-11-28,2025-05-28,false
E0168,Finance,North,Lead,36,10.4,103000,23.9,2.47,3.36,false,0,true,2015-01-03,2025-05-28,false
E0169,Engineering,West,Mid,29,2.7,68300,52.5,3.08,4.29,false,50,false,2023-04-17,2025-12-28,false
E0170,Engineering,East,Senior,35,11.5,86100,21.4,3.38,2.89,true,50,false,2014-04-29,2025-10-28,false
E0171,Marketing,West,Lead,41,12.0,86200,30.3,3.62,3.88,false,50,true,2013-08-28,2025-08-28,false
E0172,Marketing,South,Mid,27,2.1,54300,49.0,3.44,4.01,false,0,false,2023-07-23,2025-08-28,false
E0173,Sales,East,Mid,31,4.2,51400,35.8,3.04,4.14,true,100,true,2021-10-16,2025-12-28,false
E0174,Engineering,South,Mid,25,4.1,59500,50.6,3.24,3.51,false,25,false,2021-03-23,2025-04-28,false
E0175,Sales,North,Senior,35,6.6,63700,35.7,3.33,3.77,false,25,true,2019-01-22,2025-08-28,false
E0176,Marketing,West,Mid,38,4.9,48600,59.4,3.4,3.86,false,100,false,2020-04-06,2025-02-28,false
E0177,Data,South,Junior,26,0.5,45100,52.8,3.02,3.95,false,25,false,2024-09-27,2025-03-28,false
E0178,Sales,South,Junior,24,2.5,37500,39.0,3.88,3.91,false,50,false,2023-05-30,2025-11-28,false
E0179,Operations,West,Senior,40,8.6,73200,33.2,3.43,2.79,true,50,false,2017-01-21,2025-08-28,false
E0180,Engineering,North,Junior,39,1.6,57700,57.2,3.73,3.62,false,100,false,2024-05-23,2025-12-28,false
E0181,Operations,East,Senior,32,5.3,73300,49.8,3.88,3.89,true,100,false,2020-09-10,2025-12-28,false
E0182,Sales,South,Senior,48,11.5,78800,17.6,4.74,4.28,false,50,true,2014-04-29,2025-10-28,false
E0183,HR,North,Junior,29,2.3,40000,51.3,3.83,4.55,false,25,false,2023-08-11,2025-11-28,false
E0184,Engineering,East,Mid,36,3.9,73200,54.9,2.94,3.86,false,50,false,2021-10-04,2025-08-28,false
E0185,Finance,North,Senior,52,11.8,92800,19.7,2.61,3.06,false,100,false,2013-11-10,2025-08-28,false
E0186,HR,East,Mid,39,2.7,52600,26.5,3.48,4.41,false,100,false,2022-05-18,2025-01-28,false
E0187,HR,West,Mid,20,7.0,57800,61.2,4.05,3.41,false,100,true,2018-03-01,2025-02-28,false
E0188,Support,South,Junior,28,1.9,36100,35.8,3.55,3.93,false,0,true,2023-12-05,2025-10-28,false
E0189,Marketing,North,Junior,37,1.0,46600,49.7,3.57,3.19,false,0,false,2024-05-28,2025-05-28,false
E0190,Operations,South,Mid,31,5.4,57000,47.9,3.94,3.56,false,25,false,2020-03-04,2025-07-28,false
E0191,Sales,South,Junior,28,0.3,36400,32.9,3.22,4.54,false,25,false,2025-07-11,2025-10-28,false
E0192,Data,North,Senior,41,10.3,87600,47.6,4.04,3.83,false,100,false,2015-01-09,2025-04-28,false
E0193,Engineering,West,Mid,31,2.4,64500,39.8,2.91,4.17,false,100,true,2023-04-05,2025-08-28,false
E0194,Operations,North,Mid,33,2.1,51300,66.3,4.48,3.77,false,50,false,2023-06-22,2025-07-28,false
E0195,Engineering,South,Junior,25,0.9,51600,62.9,4.01,3.36,false,75,true,2025-02-03,2025-12-28,false
E0196,Support,South,Junior,21,0.3,31900,58.8,2.78,3.85,false,50,false,2025-09-10,2025-12-28,false
E0197,Engineering,West,Lead,44,14.3,109200,30.9,4.49,3.91,false,50,true,2011-04-10,2025-07-28,false
E0198,Engineering,North,Mid,26,4.6,75200,53.4,2.69,3.43,true,25,false,2020-07-24,2025-02-28,false
E0199,Sales,North,Senior,38,5.1,70700,37.1,3.77,3.49,false,0,false,2020-03-23,2025-04-28,false
E0200,Finance,East,Junior,20,0.2,43500,63.3,2.34,4.39,false,25,false,2024-12-17,2025-02-28,false
E0201,HR,East,Mid,36,4.8,50000,33.4,3.0,3.52,false,50,false,2020-07-10,2025-04-28,false
E0202,Sales,South,Junior,27,2.8,49100,56.1,3.68,4.38,false,75,false,2022-10-10,2025-07-28,false
E0203,Operations,North,Junior,20,2.9,46100,60.0,3.81,3.78,false,0,false,2022-08-04,2025-06-28,false
E0204,Operations,North,Mid,44,5.2,47400,51.1,3.99,3.62,true,75,false,2020-05-16,2025-07-28,false
E0205,Operations,East,Mid,34,3.2,49400,42.7,3.41,2.97,true,50,false,2022-02-15,2025-04-28,false
E0206,Sales,North,Junior,33,2.4,41400,70.2,3.59,4.13,false,25,false,2023-02-03,2025-06-28,false
E0207,Engineering,East,Junior,36,3.0,54600,40.6,3.56,4.01,false,50,true,2022-04-29,2025-04-28,false
E0208,HR,East,Mid,32,6.7,56300,49.4,3.74,4.09,false,0,false,2018-07-16,2025-03-28,false
E0209,HR,East,Junior,43,2.8,42500,37.9,3.03,4.07,false,50,false,2022-08-10,2025-05-28,false
E0210,HR,North,Mid,35,5.1,47100,31.7,3.71,4.11,false,50,false,2020-10-23,2025-11-28,false
E0211,Sales,North,Lead,41,17.4,103200,2,3.84,3.55,false,50,true,2008-01-03,2025-05-28,false
E0212,Support,East,Senior,45,13.0,69600,30.2,2.82,4.14,false,50,true,2012-04-28,2025-04-28,false
E0213,Support,West,Mid,36,6.2,46600,25.3,4.17,3.19,false,100,false,2019-08-17,2025-10-28,false
E0214,Support,West,Mid,32,2.9,47500,42.9,3.55,3.23,false,0,false,2022-05-04,2025-03-28,false
E0215,Engineering,East,Junior,28,0.4,49200,68.3,3.49,4.3,false,0,false,2025-02-02,2025-06-28,false
E0216,Engineering,South,Senior,29,8.5,86600,25.2,3.15,2.69,false,100,false,2016-12-28,2025-06-28,false
E0217,Marketing,South,Mid,33,5.7,56500,59.1,3.9,3.98,false,100,true,2019-10-17,2025-06-28,false
E0218,Support,South,Mid,23,2.5,42100,42.2,4.09,2.9,true,50,false,2023-06-29,2025-12-28,false
E0219,Operations,East,Mid,31,3.3,51800,41.8,3.36,3.46,true,50,false,2022-05-11,2025-08-28,false
E0220,Finance,West,Junior,20,1.4,52000,42.0,3.83,4.62,false,25,false,2024-02-03,2025-06-28,false
E0221,Engineering,East,Junior,28,1.1,46800,61.9,3.52,3.82,false,75,false,2024-02-21,2025-03-28,false
E0222,Sales,North,Junior,29,0.6,44700,69.8,4.1,4.02,false,100,false,2024-06-23,2025-01-28,false
E0223,Sales,West,Junior,25,1.1,44200,46.2,3.64,2.57,true,0,true,2024-01-24,2025-02-28,false
E0224,Finance,West,Senior,39,7.1,77900,22.5,3.57,3.67,false,50,false,2018-04-22,2025-05-28,false
E0225,Data,North,Junior,37,2.1,54800,62.1,4.13,3.42,false,50,false,2023-08-23,2025-09-28,false
E0226,Support,South,Mid,32,2.4,51200,32.0,2.66,4.0,false,100,false,2022-10-06,2025-02-28,false
E0227,Sales,South,Lead,50,17.7,102700,35.7,4.26,3.71,false,75,false,2007-06-19,2025-02-28,false
E0228,Sales,East,Senior,34,9.2,74900,30.1,3.4,3.72,false,50,true,2016-08-16,2025-10-28,false
E0229,Operations,North,Lead,46,14.8,90900,14.2,3.03,3.43,false,50,true,2010-08-10,2025-05-28,false
E0230,Marketing,West,Junior,31,2.7,40600,61.1,3.65,4.07,false,100,false,2022-09-15,2025-05-28,false
E0231,HR,North,Lead,36,10.7,87600,25.5,4.08,3.21,false,75,false,2014-11-15,2025-07-28,false
E0232,Operations,East,Senior,40,9.1,71000,39.0,2.93,4.34,false,25,true,2016-03-23,2025-04-28,false
E0233,Data,North,Junior,37,1.4,47400,54.9,3.66,4.86,false,75,false,2024-06-04,2025-10-28,false
E0234,Support,West,Mid,33,3.7,51400,62.0,4.22,3.85,false,75,true,2022-02-15,2025-10-28,false
E0235,Data,South,Mid,33,5.4,70300,65.0,4.46,3.98,false,0,false,2019-09-05,2025-01-28,false
E0236,Marketing,East,Senior,35,10.7,71600,54.1,4.38,3.95,false,50,true,2015-02-15,2025-10-28,false
E0237,Engineering,East,Mid,31,5.0,74100,36.1,3.39,3.77,false,50,false,2020-11-28,2025-11-28,false
E0238,Engineering,South,Senior,47,11.4,95600,20.9,2.92,3.49,false,75,false,2014-01-03,2025-05-28,false
E0239,Finance,North,Mid,37,7.0,60800,38.2,4.04,2.96,false,50,true,2018-03-29,2025-03-28,false
E0240,HR,South,Junior,28,1.4,38200,36.3,3.01,4.84,false,100,false,2023-12-04,2025-04-28,false
E0241,Operations,East,Mid,29,6.4,56900,36.6,2.99,3.26,true,75,false,2018-12-04,2025-04-28,false
E0242,HR,West,Mid,28,4.1,50900,37.4,3.4,4.82,false,50,false,2021-02-20,2025-03-28,false
E0243,Operations,North,Mid,37,5.2,57200,50.8,3.74,3.81,false,25,false,2019-12-18,2025-02-28,false
E0244,Sales,West,Mid,28,6.8,56400,44.0,3.72,3.68,true,50,false,2018-07-11,2025-04-28,true
E0245,Engineering,South,Junior,30,2.6,55200,48.6,4.05,3.18,true,0,false,2023-02-22,2025-09-28,false
E0246,HR,South,Mid,33,6.5,49600,47.5,3.91,3.57,false,100,false,2018-09-27,2025-03-28,false
E0247,Engineering,South,Junior,31,2.1,49000,46.0,3.72,3.1,false,50,false,2022-12-23,2025-01-28,false
E0248,Finance,West,Junior,30,0.8,46700,46.9,3.55,3.51,false,0,false,2025-01-09,2025-10-28,false
E0249,Engineering,North,Mid,31,5.1,75100,30.9,3.9,3.76,false,100,false,2020-02-21,2025-03-28,false
E0250,Sales,South,Mid,32,4.4,55100,43.8,3.32,2.61,true,0,false,2021-05-05,2025-09-28,true
E0251,Operations,East,Mid,37,4.3,50600,61.2,3.32,4.28,false,100,false,2020-11-11,2025-02-28,false
E0252,Operations,North,Junior,35,0.4,36900,46.2,4.2,3.77,false,100,false,2025-02-02,2025-06-28,false
E0253,Finance,West,Junior,35,1.2,41800,42.3,4.48,2.5,true,75,true,2024-05-16,2025-07-28,false
E0254,Sales,West,Junior,34,1.1,42000,56.1,3.53,4.22,false,100,false,2024-01-24,2025-02-28,false
E0255,Sales,North,Junior,27,0.9,36400,55.6,3.35,3.27,false,100,false,2025-02-03,2025-12-28,false
E0256,Sales,South,Mid,29,5.3,54400,37.2,3.49,3.74,false,100,false,2020-06-11,2025-09-28,false
E0257,HR,South,Junior,30,1.5,49800,61.4,3.7,4.03,false,50,false,2024-02-28,2025-08-28,false
E0258,Sales,East,Junior,36,1.5,41800,49.8,3.52,4.05,false,50,false,2024-04-29,2025-10-28,false
E0259,HR,South,Mid,27,4.3,56100,50.6,3.03,2.99,false,100,false,2021-05-11,2025-08-28,false
E0260,Operations,South,Junior,24,1.1,34600,39.3,4.0,4.61,false,50,false,2024-11-22,2025-12-28,false
E0261,Finance,East,Mid,36,2.9,58300,23.5,2.32,3.78,false,0,false,2022-12-04,2025-10-28,false
E0262,HR,West,Mid,41,6.8,54800,51.7,3.41,4.68,false,0,false,2018-12-11,2025-09-28,false
E0263,Support,South,Senior,28,6.0,64400,40.6,4.31,3.41,false,100,true,2019-06-29,2025-06-28,false
E0264,Sales,South,Junior,25,1.8,47000,45.4,4.2,3.46,false,50,false,2023-07-11,2025-04-28,false
E0265,Marketing,East,Mid,40,6.6,59700,48.8,3.53,3.8,false,75,false,2019-03-24,2025-10-28,false
E0266,Marketing,West,Mid,25,6.5,46300,37.2,3.88,4.05,false,0,true,2018-07-30,2025-01-28,false
E0267,Operations,South,Lead,45,16.2,91900,25.6,3.25,3.29,false,50,false,2009-07-17,2025-09-28,false
E0268,Operations,West,Junior,33,2.4,41600,45.4,4.28,2.87,false,100,false,2023-02-03,2025-06-28,false
E0269,Engineering,East,Junior,34,2.6,49900,60.4,3.02,4.64,false,50,false,2023-05-24,2025-12-28,false
E0270,Data,South,Lead,32,8.9,110000,23.8,3.91,2.92,true,0,true,2016-07-04,2025-05-28,true
E0271,Sales,South,Junior,23,2.8,39800,39.1,3.27,3.1,false,100,false,2022-12-11,2025-09-28,false
E0272,Engineering,North,Senior,34,6.3,82500,32.0,3.15,3.51,false,100,true,2019-07-11,2025-10-28,false
E0273,Support,North,Junior,29,1.0,42600,61.2,3.0,3.25,true,100,false,2024-05-28,2025-05-28,false
E0274,Data,East,Mid,39,4.5,61500,46.8,3.72,4.0,false,50,false,2021-03-30,2025-09-28,false
E0275,Marketing,South,Mid,38,5.9,50800,52.9,3.86,4.32,false,100,false,2020-02-04,2025-12-28,false
E0276,Engineering,East,Junior,20,0.2,52600,65.5,3.38,3.93,true,100,false,2025-05-16,2025-07-28,false
E0277,Engineering,North,Mid,26,5.2,63300,31.3,4.12,2.79,true,100,true,2019-12-18,2025-02-28,false
E0278,Support,West,Mid,39,5.3,42900,44.2,3.04,3.42,true,50,false,2019-12-10,2025-03-28,false
E0279,HR,East,Lead,38,8.1,76200,37.9,3.95,3.9,false,50,false,2017-11-22,2025-12-28,false
E0280,Finance,South,Junior,31,0.7,48800,47.8,2.7,4.49,false,100,false,2025-01-16,2025-09-28,false
E0281,Sales,East,Mid,34,3.3,59300,51.9,3.58,3.69,false,50,true,2022-05-11,2025-08-28,false
E0282,Marketing,East,Mid,33,2.8,44500,33.9,4.16,3.31,false,25,false,2023-02-10,2025-11-28,false
E0283,HR,South,Mid,26,3.7,49500,44.0,3.88,2.67,true,75,false,2022-01-16,2025-09-28,true
E0284,Operations,North,Senior,42,12.1,75700,18.4,3.29,3.62,false,50,true,2013-04-22,2025-05-28,false
E0285,Support,West,Mid,22,2.7,51500,23.6,3.64,2.52,true,50,true,2022-08-16,2025-04-28,false
E0286,Operations,South,Senior,37,6.1,68700,43.0,4.26,4.36,false,100,false,2018-12-23,2025-01-28,false
E0287,Sales,North,Junior,25,0.7,37900,56.8,4.24,3.46,false,100,true,2025-01-16,2025-09-28,false
E0288,Data,East,Mid,35,4.9,62600,53.5,3.88,4.28,false,100,false,2020-06-04,2025-04-28,false
E0289,Finance,East,Mid,27,4.4,58600,46.3,3.68,3.52,true,75,false,2021-08-04,2025-12-28,false
E0290,Marketing,West,Senior,42,10.8,68300,32.5,3.64,3.15,true,25,true,2015-01-10,2025-10-28,false
E0291,Engineering,North,Senior,40,6.2,94700,23.8,3.97,3.6,false,75,false,2018-12-18,2025-02-28,false
E0292,Marketing,West,Senior,28,6.4,71000,18.0,4.0,3.96,false,100,true,2019-08-05,2025-12-28,false
E0293,Support,North,Junior,32,1.2,38500,62.3,4.1,3.41,false,25,false,2023-11-17,2025-01-28,false
E0294,Sales,North,Junior,34,2.0,47600,46.1,3.03,3.08,true,100,false,2023-01-29,2025-01-28,false
E0295,Sales,West,Senior,28,8.0,69300,32.2,3.25,2.29,true,25,false,2017-05-28,2025-05-28,false
E0296,Sales,East,Junior,31,2.1,44800,40.0,2.82,2.67,true,0,false,2023-05-23,2025-06-28,true
E0297,Sales,East,Junior,23,1.6,40700,65.1,3.42,3.37,true,50,false,2024-01-22,2025-08-28,false
E0298,Data,East,Senior,35,8.2,91800,51.8,2.69,3.55,true,50,true,2017-07-17,2025-09-28,false
E0299,Finance,North,Junior,33,2.9,49300,69.3,3.85,4.84,false,0,true,2022-09-03,2025-07-28,false
E0300,Finance,East,Senior,40,9.8,91300,24.2,4.25,3.85,false,50,false,2015-08-10,2025-05-28,false
E0301,Operations,South,Mid,28,5.4,56800,46.6,3.42,3.76,false,50,true,2019-09-05,2025-01-28,false
E0302,Engineering,North,Mid,29,5.6,63300,40.7,4.81,4.02,false,100,false,2019-12-22,2025-07-28,false
E0303,Data,West,Mid,28,4.8,65300,55.8,3.83,4.29,false,50,false,2020-10-09,2025-07-28,false
E0304,Operations,East,Lead,37,13.5,81800,27.6,4.07,3.69,true,0,false,2012-05-30,2025-11-28,false
E0305,Operations,West,Lead,53,14.2,88600,24.1,4.76,3.92,false,100,true,2011-04-17,2025-06-28,false
E0306,Sales,South,Lead,50,16.2,101700,17.1,3.55,3.33,true,100,true,2009-02-14,2025-04-28,false
E0307,Finance,North,Junior,34,0.2,45700,75.7,3.48,4.15,false,100,false,2025-08-16,2025-10-28,false
E0308,Sales,East,Mid,37,5.8,59900,51.7,3.82,4.38,false,100,false,2019-06-10,2025-03-28,false
E0309,Engineering,West,Junior,26,0.0,47400,66.4,3.62,4.21,false,25,false,2025-06-28,2025-06-28,false
E0310,Sales,South,Mid,38,5.8,53500,50.3,3.62,4.61,false,50,false,2020-03-11,2025-12-28,false
E0311,Data,West,Senior,37,6.6,77600,33.5,4.08,3.67,false,25,false,2018-11-22,2025-06-28,false
E0312,Data,North,Mid,29,5.5,73300,53.4,3.87,3.44,false,75,true,2020-03-30,2025-09-28,false
E0313,Operations,East,Junior,38,0.4,31200,58.5,3.66,4.5,false,25,false,2025-04-04,2025-08-28,false
E0314,Sales,North,Mid,26,3.4,52500,37.5,4.03,2.87,true,100,false,2021-10-06,2025-02-28,true
E0315,Finance,East,Junior,28,0.9,53600,52.4,2.45,4.4,false,50,false,2024-05-04,2025-03-28,false
E0316,Engineering,South,Mid,27,6.7,69200,41.7,4.04,4.12,true,0,false,2018-05-18,2025-01-28,false
E0317,Sales,North,Junior,41,1.9,48200,47.9,3.92,4.05,false,50,true,2023-03-07,2025-01-28,false
E0318,HR,East,Senior,41,8.7,73100,12.4,3.2,4.1,false,25,false,2016-12-16,2025-08-28,false
E0319,Marketing,West,Mid,31,5.2,57200,22.7,3.33,3.37,false,50,true,2020-01-15,2025-03-28,false
E0320,Sales,North,Mid,37,4.5,55300,32.7,2.95,3.0,false,100,false,2020-10-28,2025-04-28,false
E0321,Sales,West,Junior,24,2.1,37100,54.8,3.81,4.07,false,50,false,2023-04-22,2025-05-28,false
E0322,Operations,East,Mid,27,6.3,54200,50.3,4.4,3.76,false,75,true,2018-10-11,2025-01-28,false
E0323,Support,North,Junior,27,0.3,42800,52.9,3.27,2.92,true,50,false,2025-03-11,2025-06-28,false
E0324,Operations,East,Junior,34,2.3,42500,60.9,4.61,4.37,false,50,false,2023-04-10,2025-07-28,false
E0325,Engineering,South,Mid,35,6.9,83500,51.6,3.9,4.13,true,75,false,2018-08-04,2025-06-28,false
E0326,Operations,North,Junior,35,1.9,43000,75.8,4.29,4.55,false,25,false,2023-05-05,2025-03-28,false
E0327,Marketing,West,Senior,42,5.1,68700,16.4,3.39,3.59,false,0,false,2020-10-23,2025-11-28,false
E0328,Finance,South,Senior,41,11.3,88100,36.7,2.93,3.83,false,100,true,2014-01-09,2025-04-28,false
E0329,Finance,South,Junior,26,0.1,41700,41.7,3.11,3.6,false,50,false,2025-09-22,2025-10-28,false
E0330,Sales,North,Mid,38,4.2,57100,29.5,3.36,2.89,false,100,false,2021-08-16,2025-10-28,false
E0331,Operations,South,Mid,40,2.3,47800,48.2,3.43,4.51,false,25,false,2022-11-11,2025-02-28,false
E0332,Engineering,South,Junior,34,0.1,53300,62.5,3.96,2.95,true,75,false,2025-09-22,2025-10-28,true
E0333,Finance,North,Junior,24,2.8,41200,60.1,3.66,3.4,false,50,false,2023-03-12,2025-12-28,true
E0334,Marketing,North,Senior,28,11.7,76700,34.6,4.26,3.69,false,0,true,2014-03-18,2025-11-28,false
E0335,Marketing,South,Mid,33,4.8,46000,27.4,4.07,3.28,false,50,false,2020-12-10,2025-09-28,false
E0336,Engineering,West,Lead,53,18.8,109700,16.4,3.23,2.9,false,50,true,2006-07-11,2025-04-28,false
E0337,Data,East,Mid,32,4.3,64800,54.8,3.74,3.37,true,25,false,2021-01-09,2025-04-28,false
E0338,Engineering,East,Senior,37,9.1,85600,28.8,3.92,3.33,true,50,false,2016-03-23,2025-04-28,false
E0339,Operations,North,Mid,33,4.8,53200,36.3,3.24,4.32,false,100,true,2021-02-09,2025-11-28,false
E0340,Operations,West,Junior,20,0.2,39500,43.9,2.67,4.48,false,50,false,2025-09-16,2025-11-28,false
E0341,Support,West,Junior,27,1.6,41900,46.1,4.75,3.99,true,75,false,2024-03-23,2025-10-28,false
E0342,Data,East,Senior,34,6.2,81200,45.7,4.16,3.75,false,50,false,2019-10-17,2025-12-28,false
E0343,Engineering,South,Mid,36,5.3,73600,45.3,3.15,2.92,true,100,true,2020-08-11,2025-11-28,false
E0344,Finance,South,Mid,44,5.0,65800,43.4,3.56,4.37,false,75,true,2020-01-29,2025-01-28,false
E0345,Data,East,Junior,38,2.2,54800,58.7,3.55,4.14,true,100,false,2023-03-17,2025-05-28,false
E0346,Engineering,South,Senior,40,6.7,80500,29.7,3.47,4.5,false,75,false,2018-11-15,2025-07-28,false
E0347,Marketing,North,Junior,31,0.2,46500,52.4,3.11,4.35,false,0,false,2025-04-16,2025-06-28,false
E0348,Engineering,West,Junior,22,1.1,53900,57.3,3.53,3.63,false,100,false,2024-07-23,2025-08-28,false
E0349,Operations,North,Junior,27,1.6,43600,59.6,3.75,4.34,false,75,false,2023-06-24,2025-01-28,false
E0350,HR,North,Lead,63,19.4,92200,33.9,3.55,3.58,false,25,false,2006-07-06,2025-11-28,false
E0351,Finance,South,Mid,27,3.6,58000,52.8,3.72,4.44,false,75,false,2022-02-22,2025-09-28,false
E0352,Sales,South,Mid,36,4.8,56300,45.5,4.45,4.26,false,100,true,2020-04-11,2025-01-28,false
E0353,HR,West,Lead,39,11.6,74300,12.2,3.59,2.29,true,25,false,2014-03-24,2025-10-28,false
E0354,Sales,South,Mid,32,3.2,55600,42.7,3.06,4.06,false,25,false,2022-01-15,2025-03-28,false
E0355,Sales,South,Junior,20,0.7,48400,78.0,3.91,2.96,true,75,false,2024-12-16,2025-08-28,false
E0356,Sales,East,Senior,44,12.1,71100,39.4,3.4,3.72,false,100,false,2013-09-22,2025-10-28,false
E0357,Sales,North,Mid,33,4.3,53900,55.3,3.17,3.93,false,100,false,2020-10-11,2025-01-28,false
E0358,Sales,East,Senior,33,7.3,73900,39.0,3.34,4.25,false,75,false,2017-11-11,2025-02-28,false
E0359,Engineering,South,Mid,38,3.6,67000,64.6,3.48,3.2,false,0,false,2021-08-22,2025-03-28,false
E0360,Engineering,North,Senior,45,10.1,97600,43.8,3.65,3.62,false,100,false,2014-12-23,2025-01-28,false
E0361,Support,South,Junior,29,0.4,34900,47.6,3.87,4.59,false,50,false,2024-09-04,2025-01-28,false
E0362,Data,West,Mid,43,4.5,67100,31.9,2.99,3.33,false,25,false,2021-04-29,2025-10-28,false
E0363,Data,East,Mid,34,4.8,64200,55.6,3.28,4.0,true,100,true,2020-05-12,2025-02-28,false
E0364,Finance,South,Junior,20,0.9,44100,39.5,3.2,4.59,false,50,false,2024-03-06,2025-01-28,false
E0365,Data,East,Senior,40,11.6,82900,46.4,3.69,3.55,true,100,true,2013-09-22,2025-04-28,false
E0366,Engineering,North,Mid,38,5.4,79500,33.0,4.02,3.47,false,75,false,2020-02-03,2025-06-28,false
E0367,Marketing,West,Mid,30,5.2,53700,28.6,4.09,3.06,false,0,true,2020-02-15,2025-04-28,false
E0368,Support,West,Junior,30,1.0,37600,46.9,3.64,3.83,false,75,false,2024-09-28,2025-09-28,false
E0369,Engineering,East,Mid,33,5.6,67800,50.4,4.45,4.28,false,75,false,2020-01-22,2025-08-28,false
E0370,Sales,East,Mid,29,6.1,57900,40.4,3.06,3.46,false,50,true,2019-09-22,2025-10-28,false
E0371,Operations,East,Junior,31,0.4,36000,44.4,3.49,3.72,true,75,false,2025-01-02,2025-05-28,false
E0372,Data,North,Junior,31,0.3,52500,50.6,3.42,3.51,false,50,false,2024-10-11,2025-01-28,false
E0373,Support,West,Mid,37,6.0,47200,35.2,3.16,4.21,false,50,true,2019-09-29,2025-09-28,false
E0374,Engineering,North,Mid,42,5.6,68100,45.9,3.54,3.65,false,75,false,2019-06-24,2025-01-28,false
E0375,Operations,East,Junior,28,2.3,38300,56.8,3.45,4.36,false,100,true,2022-11-11,2025-02-28,true
E0376,Marketing,North,Junior,25,1.1,40000,59.5,3.8,3.91,false,50,false,2024-05-23,2025-06-28,false
E0377,Engineering,North,Mid,35,5.4,69100,39.8,3.95,3.89,false,50,false,2020-01-03,2025-05-28,false
E0378,Engineering,North,Lead,38,17.1,118200,29.3,4.08,3.17,false,100,false,2008-11-22,2025-12-28,false
E0379,Sales,South,Junior,30,2.7,47800,64.0,3.49,5.0,false,100,true,2022-06-18,2025-02-28,false
E0380,Sales,South,Junior,35,1.0,38100,48.1,3.85,4.4,false,100,true,2024-05-28,2025-05-28,false
E0381,Finance,West,Junior,32,0.7,51500,60.9,4.23,4.06,false,50,false,2025-04-17,2025-12-28,false
E0382,Marketing,North,Senior,38,10.7,74100,26.4,3.95,4.1,false,50,true,2014-11-15,2025-07-28,false
E0383,Engineering,West,Mid,37,5.2,69200,55.3,3.78,4.47,false,100,false,2020-03-16,2025-05-28,false
E0384,Sales,South,Junior,23,2.6,41500,72.6,3.54,4.84,false,100,false,2022-07-25,2025-02-28,false
E0385,Marketing,West,Senior,51,11.8,77700,31.4,4.06,3.75,false,100,true,2013-10-10,2025-07-28,false
E0386,Finance,East,Senior,39,8.2,79300,34.0,3.31,2.17,true,25,true,2017-05-16,2025-07-28,false
E0387,Support,South,Junior,37,0.2,36800,42.3,3.05,3.73,false,0,false,2025-10-16,2025-12-28,false
E0388,Sales,South,Mid,28,4.1,56500,32.2,3.45,3.74,true,50,false,2021-11-22,2025-12-28,false
E0389,Finance,East,Junior,23,0.1,47300,29.4,2.27,2.54,true,100,false,2025-04-22,2025-05-28,false
E0390,Engineering,North,Junior,28,1.9,49500,44.0,3.15,3.15,false,50,false,2023-11-05,2025-09-28,false
E0391,Sales,West,Mid,23,3.7,63600,40.2,3.22,4.05,false,50,false,2022-03-18,2025-11-28,false
E0392,Engineering,North,Mid,41,3.5,66100,43.4,3.92,4.5,false,0,true,2022-04-29,2025-10-28,false
E0393,HR,North,Senior,45,9.8,63800,25.3,3.62,2.73,true,100,true,2015-04-12,2025-01-28,false
E0394,Engineering,South,Mid,38,6.1,72700,30.3,2.83,3.22,false,50,true,2019-09-22,2025-10-28,false
E0395,Finance,East,Senior,37,5.9,82700,25.2,2.87,4.44,false,50,false,2019-05-05,2025-03-28,false
E0396,Sales,East,Lead,47,13.4,89000,2,3.14,4.01,false,0,false,2012-03-04,2025-07-28,false
E0397,Marketing,East,Mid,38,3.3,55400,27.3,3.06,4.28,false,100,false,2022-09-10,2025-12-28,false
E0398,Data,North,Mid,32,6.2,68800,46.4,4.07,3.33,true,50,true,2018-11-17,2025-01-28,false
E0399,Engineering,South,Lead,43,15.7,116100,31.6,2.79,3.54,false,100,false,2010-04-17,2025-12-28,false
E0400,Data,North,Mid,29,6.6,66600,57.4,4.09,3.82,false,100,true,2018-06-24,2025-01-28,false
E0401,Finance,North,Junior,31,2.4,50300,61.3,4.16,3.91,false,75,false,2023-06-05,2025-10-28,false
E0402,Support,East,Junior,33,0.2,33200,50.4,4.02,4.34,false,100,false,2025-09-16,2025-11-28,false
E0403,Engineering,East,Senior,25,9.6,90300,23.2,3.69,3.72,false,100,true,2016-05-23,2025-12-28,false
E0404,Sales,East,Mid,25,3.5,67700,54.7,3.32,4.15,false,50,false,2021-11-27,2025-05-28,false
E0405,Engineering,North,Lead,42,15.9,122400,41.2,3.77,4.32,false,100,true,2009-03-06,2025-01-28,false
E0406,Marketing,West,Mid,35,6.0,51200,31.9,3.48,3.85,false,100,true,2019-06-29,2025-06-28,false
E0407,Engineering,North,Junior,20,2.0,51400,67.4,4.45,3.49,false,50,false,2023-01-29,2025-01-28,false
E0408,Support,North,Junior,34,1.9,43100,55.4,3.98,4.53,false,100,false,2023-04-07,2025-02-28,false
E0409,Engineering,West,Mid,37,5.1,69000,35.1,4.03,4.55,false,50,false,2020-05-23,2025-06-28,false
E0410,Operations,North,Mid,37,3.7,52300,46.2,3.4,3.3,false,75,false,2021-05-18,2025-01-28,false
E0411,Operations,West,Senior,32,5.1,64800,33.0,2.72,3.97,false,100,false,2020-11-22,2025-12-28,false
E0412,Engineering,East,Mid,37,4.1,72100,40.3,3.52,1.89,true,25,false,2021-04-22,2025-05-28,false
E0413,Engineering,South,Junior,39,3.0,52900,79.0,3.7,2.9,false,50,true,2022-03-01,2025-02-28,false
E0414,Operations,West,Mid,28,2.8,51100,40.3,4.12,3.7,false,25,false,2022-11-10,2025-08-28,false
E0415,Operations,South,Junior,26,0.1,38800,55.1,3.5,4.43,false,50,false,2025-01-23,2025-02-28,false
E0416,Engineering,West,Senior,24,8.0,89800,47.2,4.65,4.61,false,100,true,2017-07-28,2025-07-28,false
E0417,Sales,South,Mid,36,6.9,59400,40.6,3.36,3.1,true,100,true,2018-07-04,2025-05-28,false
E0418,Operations,South,Mid,34,4.8,52100,53.2,4.24,4.05,false,100,false,2020-04-11,2025-01-28,false
E0419,Operations,South,Junior,31,1.3,49300,77.0,5.0,3.66,false,50,false,2024-06-11,2025-09-28,true
E0420,Sales,West,Senior,43,10.6,79900,38.4,3.33,3.07,true,100,true,2014-11-22,2025-06-28,false
E0421,Marketing,North,Junior,33,2.0,45600,40.8,3.91,3.46,false,50,true,2023-06-29,2025-06-28,false
E0422,Operations,North,Senior,40,5.6,68200,24.9,4.55,2.92,true,50,false,2019-09-22,2025-04-28,false
E0423,Engineering,East,Senior,41,5.4,83200,39.1,3.36,3.61,false,75,false,2019-10-06,2025-02-28,false
E0424,Operations,South,Lead,41,10.9,87600,32.2,3.64,4.03,false,50,false,2014-06-04,2025-04-28,false
E0425,HR,West,Junior,25,0.2,41800,48.5,3.05,3.81,false,75,false,2025-09-16,2025-11-28,false
E0426,Operations,North,Junior,30,2.7,44400,59.7,3.82,3.7,true,100,true,2022-07-16,2025-03-28,false
E0427,HR,North,Junior,28,2.9,39000,47.2,4.44,4.27,false,50,true,2022-11-04,2025-09-28,false
E0428,Finance,East,Mid,38,5.9,57000,43.4,3.8,3.12,false,50,false,2019-07-05,2025-05-28,false
E0429,Data,West,Mid,33,3.4,61900,40.1,3.19,4.98,false,25,true,2022-08-05,2025-12-28,false
E0430,Marketing,South,Junior,28,0.4,45900,53.4,4.23,4.08,false,50,false,2025-02-02,2025-06-28,false
E0431,Sales,South,Mid,43,2.6,54900,45.1,4.1,2.49,false,25,false,2023-04-24,2025-11-28,false
E0432,Sales,East,Lead,44,17.0,104800,23.4,3.69,4.1,false,100,true,2008-08-28,2025-08-28,false
E0433,Engineering,North,Junior,32,1.2,48300,61.1,3.83,4.01,false,50,false,2023-11-17,2025-01-28,false
E0434,HR,North,Lead,53,12.7,77800,24.9,3.3,3.29,false,0,false,2012-11-15,2025-07-28,false
E0435,Finance,East,Mid,25,3.5,62500,46.9,3.3,4.86,false,50,false,2022-01-27,2025-07-28,false
E0436,Finance,North,Junior,30,0.9,52700,53.0,3.28,3.5,false,100,true,2025-01-04,2025-11-28,false
E0437,Finance,West,Senior,41,11.0,87600,20.7,3.8,3.56,true,100,false,2014-08-29,2025-08-28,false
E0438,Operations,South,Junior,27,2.9,43300,43.3,3.78,3.32,false,100,false,2022-06-04,2025-04-28,true
E0439,Operations,West,Lead,37,8.8,75800,3.7,3.21,3.04,false,50,false,2017-01-09,2025-10-28,true
E0440,Data,North,Junior,27,1.4,49200,48.3,2.59,2.41,true,50,true,2024-01-03,2025-05-28,false
E0441,Support,South,Senior,42,6.5,65200,9.5,3.03,3.25,false,75,false,2018-08-30,2025-02-28,false
E0442,Finance,South,Junior,38,1.6,44800,63.1,3.85,4.25,false,100,false,2023-09-22,2025-04-28,false
E0443,Sales,North,Mid,37,6.6,58500,52.1,2.44,3.86,false,25,false,2018-11-22,2025-06-28,false
E0444,Data,North,Junior,36,2.6,53500,64.1,4.08,4.05,true,25,false,2022-07-25,2025-02-28,true
E0445,Sales,West,Junior,30,0.3,37200,59.2,3.18,3.37,true,0,false,2025-07-11,2025-10-28,true
E0446,Support,South,Mid,22,2.1,49800,56.4,4.38,2.71,true,50,false,2023-09-22,2025-10-28,true
E0447,Sales,North,Senior,31,11.1,75300,37.6,3.63,3.58,false,0,false,2014-11-22,2025-12-28,false
E0448,Operations,South,Mid,22,6.8,54900,51.3,4.0,3.83,false,25,false,2018-05-13,2025-02-28,false
E0449,Sales,West,Senior,37,10.6,75500,28.4,3.17,3.37,true,75,true,2015-02-22,2025-09-28,false
E0450,Support,West,Junior,42,0.2,38700,43.5,3.38,4.34,false,25,false,2025-06-16,2025-08-28,false
E0451,Marketing,North,Junior,27,1.2,40000,81.1,3.54,2.95,true,100,false,2023-12-18,2025-02-28,true
E0452,Sales,West,Junior,36,2.1,40500,49.7,3.86,3.38,false,75,false,2023-06-22,2025-07-28,false
E0453,Sales,South,Senior,34,5.9,75400,26.9,4.1,2.81,true,0,false,2019-09-04,2025-07-28,false
E0454,Finance,East,Mid,34,2.5,65900,50.5,4.24,4.13,false,100,false,2022-11-27,2025-05-28,false
E0455,Operations,North,Lead,25,8.4,84800,16.9,4.03,3.86,false,50,false,2017-01-02,2025-05-28,false
E0456,Engineering,West,Junior,32,2.1,50900,58.4,3.07,3.66,false,75,false,2023-02-20,2025-03-28,false
E0457,Finance,West,Mid,28,3.9,54700,41.2,2.94,3.86,false,0,false,2022-01-04,2025-11-28,false
E0458,Engineering,East,Lead,48,12.9,116400,30.9,4.17,3.81,true,50,false,2012-04-06,2025-02-28,false
E0459,Engineering,East,Junior,24,2.0,55200,56.0,3.36,3.85,false,0,false,2023-03-01,2025-02-28,false
E0460,Engineering,South,Mid,39,4.5,67600,36.0,3.7,3.15,false,50,false,2020-08-30,2025-02-28,false
E0461,Sales,East,Junior,20,0.9,39100,34.4,2.98,2.78,false,50,false,2024-11-04,2025-09-28,false
E0462,Data,North,Mid,29,3.5,65500,35.0,3.81,3.07,false,25,false,2022-03-30,2025-09-28,false
E0463,Engineering,South,Mid,40,3.1,64100,20.7,3.3,3.88,false,75,false,2022-10-23,2025-11-28,false
E0464,Data,West,Junior,23,0.5,48400,49.5,3.31,3.91,false,50,false,2025-01-27,2025-07-28,false
E0465,Data,South,Junior,28,1.8,52100,60.9,3.18,4.28,false,50,false,2023-04-12,2025-01-28,false
E0466,Data,North,Junior,28,2.4,50100,52.3,3.59,3.81,false,100,false,2022-10-06,2025-02-28,false
E0467,Data,North,Senior,31,8.3,91100,57.2,4.51,4.51,false,25,false,2017-06-11,2025-09-28,false
E0468,Marketing,East,Mid,36,2.5,45300,30.9,2.47,3.67,false,100,false,2023-01-27,2025-07-28,false
E0469,Engineering,South,Lead,41,13.3,119700,17.4,3.01,3.59,false,50,false,2011-12-10,2025-03-28,false
E0470,Operations,East,Junior,35,2.9,34600,41.0,2.68,3.49,false,100,false,2022-11-04,2025-09-28,false
E0471,Marketing,East,Senior,35,10.5,72100,29.7,4.03,3.76,false,100,false,2014-10-28,2025-04-28,false
E0472,HR,South,Senior,36,10.1,73000,18.1,2.86,4.14,false,0,false,2015-07-23,2025-08-28,false
E0473,Support,East,Senior,44,12.0,59600,26.8,4.02,3.09,false,75,true,2013-01-28,2025-01-28,false
E0474,Marketing,South,Mid,26,6.0,57000,50.4,3.86,4.09,false,50,false,2019-11-29,2025-11-28,false
E0475,HR,West,Senior,27,7.6,66200,29.9,3.71,4.53,false,100,true,2017-12-22,2025-07-28,false
E0476,HR,South,Junior,33,0.1,32300,48.6,3.53,3.34,false,0,false,2024-12-23,2025-01-28,false
E0477,Sales,East,Junior,34,2.9,48800,67.4,4.05,4.1,false,100,true,2022-06-04,2025-04-28,false
E0478,HR,East,Junior,24,1.5,44300,69.8,4.46,3.9,false,100,false,2024-01-28,2025-07-28,false
E0479,Engineering,East,Junior,29,1.4,57900,55.2,4.05,3.77,false,100,false,2024-03-04,2025-07-28,false
E0480,Operations,East,Junior,29,1.7,49300,62.2,3.23,3.31,false,50,false,2024-04-17,2025-12-28,false
E0481,Engineering,East,Mid,40,3.9,65700,61.7,4.04,4.14,true,25,false,2021-10-04,2025-08-28,false
E0482,Data,West,Junior,34,0.4,51800,59.6,2.49,3.96,false,100,false,2025-01-02,2025-05-28,false
E0483,Operations,East,Mid,37,4.2,56900,15.1,2.88,3.69,false,100,true,2020-11-16,2025-01-28,false
E0484,Engineering,East,Junior,25,1.4,59000,73.6,3.75,4.68,false,50,false,2023-10-06,2025-02-28,false
E0485,HR,North,Mid,29,3.0,56200,42.0,3.89,2.83,false,75,true,2022-10-29,2025-10-28,false
E0486,Support,South,Senior,57,10.4,65800,29.4,4.07,3.15,false,75,false,2015-02-03,2025-06-28,false
E0487,Engineering,West,Mid,34,6.8,69600,61.8,3.81,3.78,false,50,false,2019-01-10,2025-10-28,false
E0488,HR,East,Mid,21,2.3,57100,53.6,4.71,4.44,false,50,false,2022-11-11,2025-02-28,true
E0489,Data,West,Senior,35,7.3,79000,44.3,3.44,4.27,false,100,true,2018-08-11,2025-11-28,false
E0490,Finance,South,Mid,42,6.4,58400,44.1,3.05,4.12,false,100,false,2019-03-05,2025-07-28,false
E0491,Sales,West,Mid,30,5.2,46300,26.4,4.16,2.96,true,50,true,2020-01-15,2025-03-28,false
E0492,Data,South,Mid,36,3.5,65600,47.3,3.67,2.97,true,0,false,2022-04-29,2025-10-28,false
E0493,Finance,North,Senior,33,5.1,73300,35.8,3.39,2.19,true,50,false,2020-10-23,2025-11-28,false
E0494,Operations,East,Lead,42,18.5,94600,30.5,3.88,3.88,false,75,true,2006-07-30,2025-01-28,false
E0495,Engineering,West,Mid,27,4.0,60900,44.6,3.12,3.38,false,75,false,2021-05-28,2025-05-28,false
E0496,Engineering,South,Junior,20,0.0,59200,54.0,3.08,3.57,false,75,false,2025-09-28,2025-09-28,false
E0497,Data,West,Junior,38,1.3,56600,57.2,3.25,3.24,false,0,false,2024-04-10,2025-07-28,true
E0498,Engineering,West,Lead,47,18.2,121800,13.2,3.87,2.93,false,50,false,2007-08-17,2025-10-28,false
E0499,Support,West,Junior,35,0.2,36800,45.8,3.91,3.73,false,100,false,2025-06-16,2025-08-28,false
E0500,Engineering,East,Senior,42,8.8,85500,40.0,3.28,4.68,false,75,false,2016-11-09,2025-08-28,false
E0501,Data,West,Lead,42,18.0,111900,33.6,3.9,2.84,false,75,false,2007-03-29,2025-03-28,false
E0502,Engineering,West,Junior,38,1.2,55700,57.6,3.71,4.88,false,0,false,2024-01-15,2025-03-28,false
E0503,HR,North,Senior,39,7.7,67300,19.3,3.53,3.43,false,100,false,2017-07-16,2025-03-28,false
E0504,HR,North,Senior,31,12.4,65900,35.6,4.24,4.2,false,0,false,2012-10-05,2025-02-28,false
E0505,Engineering,North,Junior,30,0.4,55200,55.7,3.73,3.06,false,50,false,2024-11-02,2025-03-28,false
E0506,Data,West,Senior,31,5.1,84500,24.3,4.13,3.5,false,25,false,2020-10-23,2025-11-28,false
E0507,Engineering,West,Senior,23,6.1,90400,56.7,4.29,3.15,false,75,false,2019-11-22,2025-12-28,false
E0508,Support,North,Mid,30,4.0,47600,30.4,3.27,3.86,false,0,false,2021-11-28,2025-11-28,false
E0509,Operations,East,Mid,31,6.4,44800,40.3,4.16,3.38,false,100,true,2019-03-05,2025-07-28,false
E0510,Data,West,Mid,30,6.4,68000,35.0,3.66,4.16,false,50,false,2019-08-05,2025-12-28,false
E0511,Sales,East,Junior,28,1.5,46500,52.4,3.5,3.76,false,50,false,2024-01-28,2025-07-28,false
E0512,Engineering,North,Senior,45,7.1,85600,34.7,3.78,3.13,false,100,true,2018-05-23,2025-06-28,false
E0513,Operations,South,Mid,33,3.4,43800,33.8,3.11,2.97,false,50,false,2022-02-03,2025-06-28,false
E0514,Engineering,West,Senior,40,5.7,93900,43.8,4.06,3.34,false,50,false,2020-01-17,2025-09-28,false
E0515,HR,West,Mid,30,7.0,42200,40.7,3.12,2.66,true,50,false,2018-09-29,2025-09-28,false
E0516,Engineering,South,Mid,31,2.2,67700,57.7,3.46,3.96,false,0,false,2023-03-17,2025-05-28,false
E0517,Engineering,East,Junior,29,1.1,53000,70.0,3.61,4.77,false,100,false,2024-11-22,2025-12-28,false
E0518,Engineering,East,Junior,32,0.1,47500,59.1,4.2,3.19,false,50,false,2025-02-20,2025-03-28,false
E0519,Sales,West,Senior,44,10.3,81000,44.0,4.2,4.16,false,50,true,2015-08-11,2025-11-28,false
E0520,Operations,North,Senior,36,10.7,64000,22.4,4.03,4.08,false,50,true,2015-02-15,2025-10-28,false
E0521,Operations,South,Senior,45,9.0,69600,3.4,3.74,3.15,false,25,false,2016-02-29,2025-02-28,false
E0522,Marketing,West,Mid,23,4.5,56400,38.0,3.43,3.15,false,0,true,2020-08-30,2025-02-28,false
E0523,Data,South,Junior,26,0.3,53600,65.4,4.09,4.5,false,0,false,2025-04-10,2025-07-28,false
E0524,Data,North,Junior,31,0.7,47400,53.4,3.4,4.24,false,50,false,2025-01-16,2025-09-28,false
E0525,Sales,West,Mid,42,6.6,57700,37.6,4.04,3.64,false,75,false,2019-04-24,2025-11-28,false
E0526,Operations,South,Mid,40,6.9,54400,28.6,3.51,3.71,false,100,false,2018-12-04,2025-10-28,false
E0527,Support,North,Junior,30,2.8,40900,36.2,3.62,1.89,false,25,true,2022-12-11,2025-09-28,false
E0528,Data,West,Mid,30,6.2,64500,6.1,3.18,2.5,false,25,false,2019-04-17,2025-06-28,false
E0529,Support,West,Junior,28,2.0,39900,63.5,4.28,3.78,false,25,true,2023-01-29,2025-01-28,false
E0530,Finance,West,Senior,34,9.3,84800,15.5,2.83,3.31,true,0,false,2016-03-11,2025-06-28,false
E0531,Finance,East,Mid,40,6.2,52300,49.5,3.69,4.1,false,0,false,2019-10-17,2025-12-28,false
E0532,Engineering,East,Senior,26,6.8,98200,31.4,2.9,2.92,true,50,true,2019-02-10,2025-11-28,false
E0533,HR,West,Junior,28,0.6,31800,48.5,4.24,3.69,false,100,false,2025-02-21,2025-09-28,false
E0534,Data,North,Lead,53,16.3,112100,26.3,3.64,4.32,false,50,false,2008-10-11,2025-01-28,false
E0535,Finance,West,Junior,25,2.0,49400,55.3,3.14,2.79,false,50,true,2023-04-29,2025-04-28,false
E0536,HR,North,Lead,42,10.7,77100,2,3.51,3.31,false,25,false,2014-05-18,2025-01-28,false
E0537,Operations,East,Senior,21,7.0,68500,41.1,4.24,2.92,false,50,true,2018-03-01,2025-02-28,false
E0538,Sales,North,Lead,50,19.0,95000,40.1,4.51,4.69,false,100,true,2006-10-29,2025-10-28,false
E0539,Engineering,North,Mid,30,3.5,67400,46.1,4.03,3.45,false,75,false,2022-04-29,2025-10-28,false
E0540,Finance,North,Mid,32,3.6,61500,46.8,3.27,3.81,false,0,false,2022-04-24,2025-11-28,false
E0541,Finance,West,Senior,37,8.6,89900,39.8,3.73,3.99,false,100,false,2016-08-21,2025-03-28,false
E0542,Data,East,Junior,26,2.9,45800,56.2,3.1,3.6,true,50,true,2022-08-04,2025-06-28,false
E0543,Data,South,Senior,32,7.7,80000,49.8,4.44,3.74,false,50,true,2017-07-16,2025-03-28,false
E0544,HR,North,Mid,33,6.6,47200,29.1,3.6,2.74,false,25,false,2019-05-24,2025-12-28,false
E0545,Finance,North,Mid,33,2.4,60000,40.2,3.55,4.15,false,100,true,2022-11-03,2025-03-28,false
E0546,Data,South,Mid,33,4.8,65800,48.1,3.74,4.66,false,100,false,2020-05-12,2025-02-28,false
E0547,Data,West,Junior,23,2.4,43000,95,4.34,4.0,false,100,false,2022-12-04,2025-04-28,false
E0548,Finance,East,Junior,31,1.3,41700,35.3,3.01,3.97,false,50,false,2024-01-10,2025-04-28,false
E0549,Operations,South,Senior,44,12.7,70900,41.8,3.12,3.97,false,0,false,2013-01-16,2025-09-28,false
E0550,Sales,South,Mid,31,3.9,52300,25.6,3.96,2.68,false,50,false,2021-03-06,2025-01-28,false
E0551,HR,West,Senior,32,8.2,74100,7.8,3.45,2.96,false,50,true,2017-04-16,2025-06-28,false
E0552,Engineering,East,Mid,34,4.3,60700,56.8,4.04,4.04,false,50,false,2021-03-11,2025-06-28,false
E0553,Data,North,Senior,42,12.4,93000,42.1,3.63,3.29,true,50,false,2013-01-02,2025-05-28,false
E0554,Marketing,South,Lead,55,17.0,94000,2,2.88,3.29,true,50,true,2008-07-28,2025-07-28,false
E0555,Operations,North,Mid,33,4.6,49000,35.7,2.65,3.93,false,50,false,2021-05-23,2025-12-28,false
E0556,Finance,North,Junior,28,0.6,48200,37.1,3.16,3.25,false,50,false,2024-08-21,2025-03-28,false
E0557,Operations,West,Senior,37,11.7,75500,26.6,3.65,3.15,false,50,false,2013-07-16,2025-03-28,false
E0558,Support,East,Mid,35,6.0,53300,34.6,3.48,3.88,false,50,false,2019-08-29,2025-08-28,false
E0559,Sales,West,Mid,35,3.5,59800,51.0,3.95,4.63,false,0,false,2021-10-28,2025-04-28,false
E0560,Marketing,North,Mid,43,3.8,56000,42.7,3.52,4.04,false,50,false,2022-03-12,2025-12-28,false
E0561,Support,South,Junior,21,0.6,39100,39.2,2.62,3.85,false,50,false,2024-06-23,2025-01-28,false
E0562,Sales,West,Mid,31,3.2,51300,54.6,3.7,4.08,false,50,false,2022-06-17,2025-08-28,false
E0563,HR,East,Mid,37,6.1,47400,48.5,3.3,4.46,false,50,true,2019-11-22,2025-12-28,false
E0564,Data,South,Junior,23,1.9,48600,81.7,4.46,4.28,false,100,false,2023-11-05,2025-09-28,false
E0565,Finance,North,Mid,31,5.9,64500,42.9,3.39,3.41,true,75,true,2019-09-04,2025-07-28,false
E0566,Finance,North,Junior,25,2.1,52700,66.4,4.09,4.62,false,50,false,2023-07-23,2025-08-28,false
E0567,HR,South,Junior,32,0.1,39800,43.3,3.25,3.18,true,100,false,2025-03-23,2025-04-28,false
E0568,HR,South,Mid,27,2.2,44300,32.0,3.78,4.35,false,75,false,2023-08-17,2025-10-28,true
E0569,Operations,South,Lead,41,12.5,87800,2,3.27,4.14,false,25,false,2013-05-30,2025-11-28,false
E0570,Engineering,West,Mid,31,6.1,66500,59.9,4.15,3.54,false,100,true,2019-01-23,2025-02-28,false
E0571,Engineering,West,Mid,31,2.1,67500,41.1,3.81,3.33,false,0,false,2023-07-23,2025-08-28,false
E0572,Engineering,South,Junior,25,0.3,48600,71.9,3.47,4.11,false,100,false,2025-09-10,2025-12-28,false
E0573,HR,West,Junior,33,0.1,35300,35.9,3.38,3.73,false,100,false,2025-01-23,2025-02-28,false
E0574,Operations,South,Mid,30,2.3,46900,48.5,3.79,4.37,true,25,false,2023-05-11,2025-08-28,false
E0575,Finance,East,Junior,40,2.4,50700,36.7,3.35,4.2,false,50,false,2022-09-05,2025-01-28,false
E0576,Marketing,South,Senior,34,10.6,74300,53.0,3.84,3.68,false,25,true,2014-09-22,2025-04-28,false
E0577,Support,South,Junior,20,0.5,34000,57.7,3.73,4.48,false,50,false,2025-04-29,2025-10-28,false
E0578,Data,West,Lead,42,10.4,108900,18.4,3.92,3.15,false,50,true,2015-06-05,2025-10-28,false
E0579,Operations,West,Junior,35,1.1,34000,67.0,3.68,3.16,true,100,false,2024-06-22,2025-07-28,false
E0580,Sales,East,Junior,36,1.4,44400,59.9,3.08,3.26,true,50,false,2024-03-04,2025-07-28,false
E0581,Finance,West,Junior,41,3.0,53100,59.7,3.8,3.85,false,25,false,2022-12-29,2025-12-28,false
E0582,Operations,East,Mid,20,5.3,58100,34.0,2.87,3.91,false,0,false,2020-09-10,2025-12-28,false
E0583,Engineering,West,Lead,38,9.8,113800,24.6,3.47,2.73,true,0,false,2015-05-13,2025-02-28,false
E0584,Engineering,West,Junior,24,1.3,50400,45.9,3.06,3.14,false,100,false,2024-09-10,2025-12-28,false
E0585,Engineering,East,Senior,37,7.2,94600,34.6,4.27,3.1,true,50,true,2018-05-17,2025-07-28,false
E0586,Operations,South,Junior,34,0.6,42500,63.5,3.5,3.53,false,0,false,2025-05-23,2025-12-28,false
E0587,Operations,East,Lead,35,18.5,96900,36.1,4.24,3.56,true,0,true,2006-10-28,2025-04-28,false
E0588,Marketing,North,Junior,30,0.8,46700,49.5,4.31,3.97,false,0,false,2024-12-10,2025-09-28,false
E0589,Operations,West,Mid,27,3.7,52300,74.8,3.68,2.82,false,100,true,2021-10-16,2025-06-28,false
E0590,Operations,North,Mid,29,5.5,50800,19.3,3.04,3.35,true,75,false,2019-10-29,2025-04-28,false
E0591,Marketing,West,Mid,41,5.3,53700,51.1,4.47,3.75,false,100,false,2020-01-10,2025-04-28,false
E0592,Finance,North,Mid,33,6.7,68500,37.5,3.88,4.18,false,75,false,2019-04-17,2025-12-28,false
E0593,Sales,North,Junior,28,2.4,49600,32.6,3.88,2.82,true,50,false,2022-12-04,2025-04-28,true
E0594,Support,North,Junior,36,3.0,47400,58.6,4.44,3.74,false,50,false,2022-11-29,2025-11-28,false
E0595,Engineering,West,Junior,39,2.1,45900,59.5,3.5,3.2,false,50,false,2023-10-23,2025-11-28,false
E0596,Support,West,Senior,26,6.8,62900,34.1,3.26,4.02,true,100,true,2018-09-10,2025-06-28,false
E0597,Data,West,Mid,36,2.0,64300,63.6,3.34,2.74,false,50,false,2023-10-29,2025-10-28,false
E0598,Engineering,North,Mid,23,4.3,73200,66.8,4.02,3.28,false,50,true,2021-08-11,2025-11-28,false
E0599,HR,North,Mid,34,3.5,48700,59.2,2.97,3.96,false,100,false,2021-12-28,2025-06-28,false
E0600,Operations,South,Senior,34,5.4,66800,25.8,3.33,4.39,false,50,false,2019-09-05,2025-01-28,false
E0601,Finance,West,Lead,40,17.1,113800,20.5,3.67,3.9,true,100,false,2008-09-22,2025-10-28,false
E0602,Engineering,East,Mid,33,2.8,69600,58.9,4.46,4.03,false,25,false,2022-04-12,2025-01-28,false
E0603,HR,North,Mid,43,6.9,59800,23.1,3.74,3.98,false,0,true,2018-11-04,2025-09-28,false
E0604,Marketing,South,Mid,31,4.0,55500,43.7,3.36,4.54,false,75,false,2021-12-28,2025-12-28,false
E0605,Marketing,North,Senior,37,11.9,71600,25.0,2.97,2.59,true,0,true,2013-03-06,2025-01-28,false
E0606,Support,West,Junior,31,2.2,38100,47.3,3.77,3.22,false,75,true,2022-12-18,2025-02-28,false
E0607,HR,South,Mid,26,5.5,55200,44.8,2.77,2.68,true,100,false,2019-10-29,2025-04-28,false
E0608,HR,South,Senior,36,10.6,72900,31.4,3.39,2.93,false,0,true,2014-10-22,2025-05-28,false
E0609,Engineering,North,Mid,26,3.8,65300,46.1,2.74,3.87,false,100,false,2021-11-10,2025-08-28,false
E0610,Sales,East,Mid,34,6.9,54200,53.0,3.48,3.39,true,0,true,2018-07-04,2025-05-28,false
E0611,Data,South,Mid,29,3.1,65200,42.9,3.9,3.63,false,50,true,2022-04-22,2025-05-28,false
E0612,Support,South,Mid,27,2.4,44300,6.2,3.54,2.91,false,25,false,2023-06-05,2025-10-28,false
E0613,HR,East,Lead,49,13.2,85000,29.0,4.42,3.23,true,50,true,2012-04-16,2025-06-28,false
E0614,Engineering,South,Junior,31,0.3,54200,57.0,3.96,4.41,false,100,false,2025-07-11,2025-10-28,false
E0615,Sales,East,Senior,33,11.9,75600,36.4,3.38,3.52,false,50,false,2013-11-04,2025-09-28,false
E0616,HR,West,Mid,38,2.6,53100,42.8,4.02,2.53,true,0,true,2023-05-24,2025-12-28,false
E0617,Finance,South,Mid,26,4.1,62500,34.5,2.69,4.24,false,100,false,2021-03-23,2025-04-28,false
E0618,HR,East,Mid,30,3.6,50300,44.4,3.69,3.95,false,100,false,2022-02-22,2025-09-28,false
E0619,Operations,North,Lead,32,13.1,86400,10.9,3.41,3.67,false,100,false,2012-11-22,2025-12-28,true
E0620,Sales,East,Junior,25,2.2,50900,47.8,3.11,3.26,false,50,false,2023-09-17,2025-11-28,false
E0621,Operations,South,Junior,33,1.1,42600,66.2,3.31,3.67,true,100,false,2024-01-24,2025-02-28,false
E0622,Sales,East,Junior,37,2.2,40800,50.8,2.86,3.3,false,100,true,2023-06-17,2025-08-28,false
E0623,HR,North,Mid,31,5.1,53600,65.1,4.31,3.98,false,50,true,2020-08-23,2025-09-28,false
E0624,Finance,West,Junior,34,2.3,48800,66.4,3.38,4.46,false,50,false,2023-05-11,2025-08-28,false
E0625,Sales,South,Mid,25,4.2,61400,44.3,3.53,3.55,true,50,true,2021-02-14,2025-04-28,false
E0626,Support,East,Junior,20,1.5,30600,54.5,3.1,3.49,true,100,false,2024-06-29,2025-12-28,false
E0627,Finance,North,Lead,49,17.5,113900,40.6,3.54,3.34,true,100,true,2008-02-28,2025-08-28,false
E0628,Sales,West,Junior,32,0.5,39000,53.4,3.5,4.32,false,100,false,2024-10-28,2025-04-28,false
E0629,Operations,North,Senior,44,9.0,80800,17.9,4.89,2.58,true,25,false,2016-07-28,2025-07-28,true
E0630,Engineering,North,Mid,37,4.6,63700,16.7,3.45,4.07,false,50,true,2020-07-24,2025-02-28,false
E0631,Data,East,Senior,38,7.0,83100,51.2,3.66,3.84,false,50,true,2018-05-29,2025-05-28,false
E0632,Finance,East,Junior,37,2.0,45600,36.8,2.65,3.49,true,50,false,2023-10-29,2025-10-28,false
E0633,Marketing,South,Mid,36,2.4,54700,39.4,3.56,3.73,false,100,false,2022-10-06,2025-02-28,false
E0634,Sales,East,Junior,26,1.4,43200,40.4,3.77,2.41,true,0,false,2024-05-05,2025-09-28,false
E0635,HR,West,Mid,25,2.6,49900,15.2,2.96,3.32,false,25,false,2023-03-24,2025-10-28,false
E0636,Support,South,Senior,50,8.2,59500,10.6,2.87,3.47,false,25,false,2017-05-16,2025-07-28,false
E0637,Data,North,Junior,25,0.7,41800,61.1,3.5,3.36,false,50,false,2025-01-16,2025-09-28,false
E0638,Data,South,Junior,34,1.9,54200,54.8,4.02,4.77,true,100,false,2023-06-05,2025-04-28,false
E0639,Engineering,East,Mid,29,6.9,79000,52.4,3.4,3.1,true,100,false,2018-03-06,2025-01-28,false
E0640,Data,East,Junior,46,2.9,40600,50.9,4.08,4.58,false,100,false,2023-01-04,2025-11-28,false
E0641,Marketing,South,Senior,34,6.8,74200,37.5,3.54,2.36,true,50,false,2018-05-13,2025-02-28,false
E0642,Sales,South,Junior,24,1.5,42200,38.2,3.81,3.37,true,25,false,2023-08-31,2025-02-28,true
E0643,Sales,West,Senior,46,12.8,81500,28.1,4.65,2.72,false,50,false,2013-02-09,2025-11-28,false
E0644,Engineering,North,Junior,32,2.8,47600,46.6,3.3,2.4,true,100,false,2022-05-13,2025-02-28,true
E0645,Sales,West,Senior,31,7.5,72800,22.6,4.04,3.42,false,0,true,2018-01-27,2025-07-28,false
E0646,Support,North,Junior,31,1.2,34700,61.2,2.94,3.63,false,75,false,2024-06-16,2025-08-28,false
E0647,Engineering,North,Lead,44,11.4,112700,12.0,3.8,3.8,true,0,true,2013-11-03,2025-03-28,false
E0648,Engineering,East,Mid,36,3.4,68400,39.8,4.52,3.63,false,50,false,2021-09-05,2025-01-28,false
E0649,Support,South,Mid,30,4.0,39800,37.9,3.45,3.83,false,100,false,2021-03-28,2025-03-28,false
E0650,Finance,West,Mid,36,5.5,56400,52.1,3.43,3.7,false,100,false,2020-02-28,2025-08-28,false
E0651,Sales,South,Mid,27,4.9,58100,35.6,5.0,2.9,false,50,true,2020-11-04,2025-09-28,false
E0652,Engineering,North,Junior,29,1.0,56800,40.0,4.11,4.37,false,50,false,2024-07-28,2025-07-28,false
E0653,HR,North,Senior,33,5.9,61300,29.2,3.96,2.79,false,0,false,2019-12-05,2025-10-28,false
E0654,Engineering,East,Junior,33,0.7,59600,59.6,3.65,3.7,false,100,false,2024-09-15,2025-05-28,false
E0655,Operations,West,Senior,38,10.6,73000,33.1,4.63,3.6,false,50,false,2015-01-22,2025-08-28,false
E0656,HR,East,Senior,37,8.4,72300,55.7,4.13,4.2,false,100,false,2016-12-03,2025-04-28,false
E0657,HR,North,Senior,34,8.7,71900,34.1,3.73,3.46,false,75,true,2017-02-15,2025-10-28,false
E0658,Finance,South,Junior,32,1.6,53400,59.9,3.42,3.2,false,50,true,2023-10-22,2025-05-28,false
E0659,Sales,North,Mid,39,6.0,57500,43.3,3.39,3.75,false,50,false,2019-12-29,2025-12-28,false
E0660,Engineering,North,Mid,37,6.5,64500,45.7,3.17,3.88,false,0,false,2018-07-30,2025-01-28,false
E0661,Engineering,West,Junior,34,1.9,51900,61.6,4.24,4.21,true,100,false,2023-12-05,2025-10-28,false
E0662,Support,East,Mid,30,2.7,44500,56.9,2.95,3.62,false,0,false,2023-02-15,2025-10-28,false
E0663,Support,West,Junior,28,0.0,32400,67.2,3.38,3.28,false,50,false,2025-02-28,2025-02-28,false
E0664,Finance,North,Junior,31,2.1,36700,61.9,4.08,2.89,false,100,false,2023-09-22,2025-10-28,false
E0665,Finance,East,Mid,37,6.3,62500,27.8,3.23,4.39,false,50,true,2019-08-11,2025-11-28,false
E0666,Support,North,Senior,29,7.0,62000,29.7,3.93,3.95,false,50,true,2018-07-29,2025-07-28,false
E0667,Marketing,East,Mid,38,5.2,50800,57.3,3.81,4.39,false,100,true,2020-04-16,2025-06-28,false
E0668,Marketing,South,Senior,33,8.8,70700,34.0,3.33,2.86,true,50,true,2017-01-09,2025-10-28,false
E0669,Engineering,East,Senior,42,12.8,98500,53.4,4.19,3.98,false,50,true,2012-05-12,2025-02-28,false
E0670,Operations,West,Mid,36,5.3,51500,62.7,4.51,2.98,true,100,true,2020-03-11,2025-06-28,false
E0671,Sales,South,Lead,47,13.2,90600,30.2,3.7,3.03,false,25,true,2012-09-16,2025-11-28,false
E0672,Support,East,Junior,24,2.7,42200,48.8,3.22,3.7,false,100,false,2022-12-16,2025-08-28,false
E0673,HR,West,Mid,42,4.9,51500,48.5,3.72,4.59,false,75,true,2021-01-04,2025-11-28,false
E0674,Engineering,East,Junior,34,2.7,45100,57.7,3.8,3.41,false,75,false,2023-01-16,2025-09-28,false
E0675,Support,East,Junior,25,0.5,37400,42.6,3.19,3.48,false,100,false,2025-04-29,2025-10-28,false
E0676,Support,North,Lead,40,17.7,90400,33.7,4.07,2.83,false,50,false,2007-06-19,2025-02-28,false
E0677,Sales,North,Mid,37,6.3,63900,36.9,3.07,3.71,false,100,false,2019-08-11,2025-11-28,false
E0678,Operations,North,Lead,53,17.4,88900,23.6,3.31,4.55,false,50,false,2007-09-05,2025-01-28,false
E0679,Finance,North,Junior,34,2.4,44600,53.5,3.05,2.85,true,50,false,2023-06-05,2025-10-28,false
E0680,HR,West,Junior,33,1.9,41500,53.0,3.66,3.63,false,50,false,2023-11-05,2025-09-28,false
E0681,Sales,West,Senior,38,10.0,80500,38.0,3.31,3.07,true,50,true,2015-12-29,2025-12-28,false
E0682,Support,West,Junior,25,2.2,43300,52.4,3.3,3.6,false,25,false,2023-02-15,2025-04-28,false
E0683,Operations,West,Senior,36,10.3,80000,20.1,2.93,2.98,false,0,true,2015-02-08,2025-05-28,false
E0684,Engineering,North,Mid,34,3.8,68700,36.7,4.0,4.82,false,0,true,2022-02-10,2025-11-28,false
E0685,HR,West,Senior,38,6.4,64200,17.3,3.9,2.8,true,100,false,2019-05-06,2025-09-28,true
E0686,Sales,East,Lead,38,10.3,90400,24.4,3.43,3.75,false,25,true,2015-03-11,2025-06-28,false
E0687,Engineering,South,Junior,34,1.4,51200,49.3,3.02,3.68,false,50,false,2023-11-03,2025-03-28,false
E0688,HR,East,Lead,37,9.2,80700,9.9,2.88,2.82,true,25,true,2016-08-16,2025-10-28,false
E0689,Operations,North,Mid,27,4.1,49300,39.3,2.87,2.97,true,0,false,2021-10-23,2025-11-28,false
E0690,Sales,West,Junior,28,0.5,38900,71.5,3.34,3.65,false,0,false,2024-08-30,2025-02-28,true
E0691,Operations,East,Junior,28,1.7,42800,62.2,2.97,4.06,false,25,false,2024-03-18,2025-11-28,false
E0692,HR,West,Mid,29,4.2,50500,35.3,3.57,3.56,true,50,true,2021-06-16,2025-08-28,false
E0693,Finance,West,Junior,38,0.1,47700,53.1,3.62,3.79,false,25,false,2025-08-23,2025-09-28,true
E0694,Marketing,North,Mid,34,6.1,51300,46.7,4.08,4.59,false,50,false,2018-12-23,2025-01-28,false
E0695,Operations,West,Mid,42,5.2,47600,46.7,4.63,3.78,false,100,false,2020-10-16,2025-12-28,false
E0696,Engineering,South,Senior,53,11.5,96000,22.5,3.96,4.11,true,75,true,2013-07-30,2025-01-28,false
E0697,Engineering,East,Mid,28,6.0,73400,59.0,4.21,3.03,true,50,false,2019-07-29,2025-07-28,false
E0698,Marketing,South,Mid,39,5.3,57300,40.6,3.98,3.71,false,50,true,2020-06-11,2025-09-28,false
E0699,Data,South,Mid,27,2.4,62900,40.1,2.97,3.23,false,50,false,2023-05-06,2025-09-28,false
E0700,Operations,East,Senior,47,10.2,71300,26.8,3.98,2.73,true,100,false,2015-02-15,2025-04-28,false
E0701,Engineering,East,Mid,40,5.4,66600,55.8,4.29,3.59,true,0,true,2020-04-04,2025-08-28,false
E0702,Sales,East,Junior,30,1.7,41300,60.0,4.09,3.62,false,50,false,2023-05-19,2025-01-28,false
E0703,Operations,West,Junior,31,0.6,42300,43.6,3.4,2.76,true,0,false,2024-06-23,2025-01-28,false
E0704,Data,North,Junior,33,2.6,50300,47.4,2.88,4.12,false,25,false,2022-08-22,2025-03-28,false
E0705,Finance,East,Senior,39,7.3,80800,43.8,3.59,3.45,false,100,false,2017-12-09,2025-03-28,false
E0706,HR,South,Lead,41,16.0,86700,25.0,4.58,4.12,false,100,true,2009-06-28,2025-06-28,false
E0707,Marketing,West,Senior,38,8.8,71100,27.1,3.6,2.7,true,50,true,2017-03-11,2025-12-28,false
E0708,Sales,East,Lead,30,11.1,86600,24.9,2.67,2.8,true,50,false,2014-09-22,2025-10-28,false
E0709,Data,North,Junior,32,1.2,63600,56.3,3.28,4.01,false,75,true,2024-05-16,2025-07-28,false
E0710,Support,West,Lead,48,18.5,90700,45.5,3.61,2.73,false,50,true,2006-10-28,2025-04-28,false
E0711,Sales,East,Senior,36,6.0,65400,33.7,3.77,2.61,true,0,false,2019-09-29,2025-09-28,false
E0712,Marketing,South,Junior,28,0.9,41000,52.1,3.43,3.15,true,50,false,2024-09-03,2025-07-28,false
E0713,HR,North,Junior,27,1.1,46500,44.4,3.23,2.39,true,0,false,2024-09-22,2025-10-28,false
E0714,Data,North,Mid,50,3.8,66600,31.5,3.62,4.08,false,100,false,2021-08-10,2025-05-28,false
E0715,Sales,East,Senior,35,6.1,67600,24.7,3.9,3.25,true,50,true,2019-06-22,2025-07-28,false
E0716,Sales,East,Mid,31,5.4,53500,50.0,3.95,2.79,false,100,true,2020-03-04,2025-07-28,false
E0717,Engineering,East,Senior,32,9.6,95400,53.2,4.42,2.75,true,100,true,2016-02-22,2025-09-28,false
E0718,Engineering,North,Junior,37,3.0,58200,67.2,2.9,3.58,false,50,true,2022-10-29,2025-10-28,false
E0719,Operations,North,Senior,24,9.1,64800,46.3,3.29,4.59,false,25,false,2016-07-23,2025-08-28,false
E0720,Data,North,Junior,23,1.8,52300,61.4,3.22,4.2,false,50,true,2023-05-13,2025-02-28,false
E0721,Sales,South,Senior,30,11.7,74900,21.9,3.44,2.66,false,50,false,2014-03-18,2025-11-28,false
E0722,Sales,South,Mid,29,3.5,49000,17.8,3.69,2.98,false,75,true,2022-01-27,2025-07-28,false
E0723,Engineering,East,Mid,37,4.8,67800,31.8,4.48,2.73,false,0,false,2021-03-11,2025-12-28,false
E0724,Engineering,South,Mid,27,6.3,65400,45.8,3.95,4.49,false,50,true,2019-09-10,2025-12-28,false
E0725,Sales,South,Junior,29,2.3,47500,67.7,3.43,3.59,false,50,false,2023-08-11,2025-11-28,false
E0726,Engineering,East,Mid,27,4.9,60900,35.5,3.15,3.04,true,0,false,2020-10-04,2025-08-28,false
E0727,Sales,South,Lead,45,17.7,96500,29.5,3.85,3.55,false,100,false,2007-06-19,2025-02-28,false
E0728,Operations,West,Senior,39,9.9,75000,10.0,4.42,2.42,false,75,false,2015-06-05,2025-04-28,false
E0729,Sales,East,Junior,24,2.2,45500,55.2,3.71,3.18,true,100,true,2022-11-17,2025-01-28,false
E0730,Finance,North,Mid,34,5.4,69200,37.3,4.41,3.94,false,25,false,2020-02-03,2025-06-28,false
E0731,Sales,South,Senior,29,8.5,67400,25.8,3.39,3.44,false,0,false,2016-07-30,2025-01-28,false
E0732,Support,East,Mid,32,3.8,48600,37.4,4.05,3.76,false,50,false,2021-08-10,2025-05-28,false
E0733,Engineering,North,Mid,43,6.7,69100,57.3,4.14,4.07,false,100,false,2018-10-16,2025-06-28,false
E0734,Marketing,North,Junior,30,0.2,48900,46.4,3.71,5.0,false,100,false,2025-08-16,2025-10-28,false
E0735,Support,West,Lead,41,11.2,78300,8.1,4.2,3.45,false,50,true,2013-11-17,2025-01-28,false
E0736,Operations,South,Mid,22,6.3,50000,25.6,2.7,3.63,false,0,false,2019-04-10,2025-07-28,false
E0737,Engineering,North,Senior,38,12.9,97900,31.5,3.92,3.2,true,50,false,2012-11-04,2025-09-28,false
E0738,Support,North,Senior,44,7.0,63100,32.3,4.15,3.41,false,50,false,2018-05-29,2025-05-28,false
E0739,Finance,North,Mid,34,2.4,58500,36.4,3.01,2.88,false,100,false,2023-05-06,2025-09-28,false
E0740,Marketing,East,Junior,31,1.6,44400,60.2,3.66,3.77,false,100,false,2024-02-22,2025-09-28,false
E0741,Operations,South,Junior,31,2.2,39300,55.1,4.52,4.5,false,100,false,2023-08-17,2025-10-28,false
E0742,HR,North,Junior,32,2.6,38800,55.4,4.09,3.95,false,50,false,2023-02-22,2025-09-28,false
E0743,Data,East,Lead,47,18.9,115600,32.0,4.85,3.29,false,25,false,2006-09-03,2025-07-28,false
E0744,Support,North,Senior,39,9.4,73400,23.5,3.45,2.6,true,100,false,2016-05-05,2025-09-28,false
E0745,Support,West,Senior,41,12.4,67600,39.3,3.46,1.97,true,50,true,2013-06-04,2025-10-28,false
E0746,Data,East,Senior,38,11.5,89100,31.4,4.04,3.65,false,50,true,2014-02-27,2025-08-28,false
E0747,Engineering,East,Mid,35,6.2,70600,54.2,4.06,3.7,false,50,false,2019-03-17,2025-05-28,false
E0748,Sales,South,Mid,32,2.7,52500,39.6,2.57,2.7,true,0,false,2022-05-18,2025-01-28,false
E0749,Data,East,Lead,42,8.2,95500,24.8,3.28,2.96,true,0,true,2017-02-14,2025-04-28,false
E0750,Finance,West,Junior,29,1.3,47700,56.4,3.43,4.97,false,50,false,2024-02-09,2025-05-28,false
E0751,Engineering,North,Junior,26,0.5,50400,60.3,3.75,4.42,false,100,false,2025-01-27,2025-07-28,false
E0752,Engineering,South,Mid,27,7.0,71500,48.1,3.73,3.13,false,50,false,2018-07-29,2025-07-28,false
E0753,Engineering,North,Mid,29,5.3,67700,50.9,4.1,4.47,false,50,true,2020-03-11,2025-06-28,false
E0754,Engineering,South,Mid,20,6.8,68400,48.4,4.16,3.35,false,0,true,2018-10-10,2025-07-28,false
E0755,HR,South,Lead,46,10.9,77900,16.4,3.9,2.94,false,50,true,2014-05-04,2025-03-28,false
E0756,Marketing,South,Senior,44,12.0,76500,31.5,3.43,4.45,false,50,true,2013-01-28,2025-01-28,false
E0757,Engineering,South,Lead,46,9.6,101000,36.5,3.66,3.44,false,50,false,2015-11-22,2025-06-28,false
E0758,Marketing,North,Junior,28,2.8,50900,46.5,3.85,3.07,false,100,false,2023-03-12,2025-12-28,false
E0759,Operations,North,Junior,21,0.0,35400,44.7,3.24,3.44,true,100,false,2025-08-28,2025-08-28,false
E0760,Sales,West,Junior,39,1.2,43200,26.8,2.7,3.79,true,100,false,2024-03-16,2025-05-28,false
E0761,Marketing,North,Mid,29,2.8,56100,43.1,3.31,4.08,false,50,false,2022-08-10,2025-05-28,false
E0762,Data,South,Junior,29,2.7,56800,54.6,3.53,3.85,false,0,true,2023-02-15,2025-10-28,false
E0763,Sales,South,Senior,42,7.4,76400,37.7,4.63,3.26,false,50,false,2017-10-06,2025-02-28,false
E0764,Operations,South,Senior,23,7.6,64000,30.6,2.82,3.81,false,50,true,2017-06-24,2025-01-28,false
E0765,Support,East,Junior,34,1.7,32000,68.7,3.99,3.2,true,50,false,2023-12-17,2025-08-28,true
E0766,Operations,West,Junior,26,0.6,46600,35.0,3.3,3.97,false,100,false,2024-09-21,2025-04-28,false
E0767,Engineering,East,Mid,34,5.2,71900,19.2,3.82,3.41,false,100,false,2020-09-16,2025-11-28,false
E0768,Finance,West,Junior,23,0.7,56100,48.6,3.58,3.44,false,50,false,2024-07-16,2025-03-28,false
E0769,Data,North,Mid,40,4.0,70800,57.8,4.1,3.05,false,75,true,2021-07-28,2025-07-28,false
E0770,Operations,East,Mid,33,4.1,52500,31.2,3.44,3.24,false,0,false,2020-12-23,2025-01-28,false
E0771,Finance,South,Mid,45,5.9,70200,37.6,4.03,3.63,false,100,false,2019-08-05,2025-06-28,false
E0772,Operations,North,Mid,33,4.6,49500,47.6,3.36,3.49,true,50,false,2020-11-21,2025-06-28,false
E0773,Data,South,Lead,49,8.4,103800,36.9,3.56,4.0,false,25,false,2016-12-03,2025-04-28,false
E0774,Operations,West,Mid,34,2.7,49500,33.3,2.57,2.91,true,0,false,2022-05-18,2025-01-28,false
E0775,Sales,South,Junior,22,1.8,48200,66.2,3.55,3.32,false,100,true,2024-02-10,2025-11-28,false
E0776,Finance,West,Junior,37,2.9,44800,49.3,3.66,3.82,false,50,false,2022-09-03,2025-07-28,false
E0777,Operations,North,Mid,42,4.9,52700,30.2,3.85,3.31,true,50,true,2020-11-04,2025-09-28,false
E0778,HR,West,Mid,36,2.4,41300,54.0,3.44,3.94,false,100,false,2023-03-05,2025-07-28,false
E0779,Finance,South,Junior,21,2.1,43700,53.1,2.37,4.2,false,50,false,2023-07-23,2025-08-28,false
E0780,Sales,North,Lead,41,13.1,95200,26.7,3.98,3.34,true,50,false,2012-01-24,2025-02-28,true
E0781,Sales,South,Mid,40,4.6,61800,40.7,3.36,3.31,true,100,true,2020-11-21,2025-06-28,false
E0782,Finance,South,Junior,20,1.6,49800,68.6,4.28,3.97,false,50,false,2024-05-23,2025-12-28,false
E0783,HR,South,Junior,25,2.1,39700,59.3,3.56,4.35,false,0,true,2023-07-23,2025-08-28,false
E0784,Engineering,West,Mid,27,2.3,59100,28.8,3.67,3.73,false,0,false,2023-04-10,2025-07-28,false
E0785,Data,West,Lead,40,14.7,110400,23.7,3.57,2.89,true,25,true,2011-03-18,2025-11-28,false
E0786,Finance,East,Lead,44,16.8,103200,8.0,4.04,2.91,true,0,false,2009-01-09,2025-10-28,false
E0787,Engineering,North,Mid,41,6.5,71100,30.9,3.97,3.96,false,50,true,2019-01-27,2025-07-28,false
E0788,Finance,East,Mid,39,6.4,69400,19.0,2.47,3.41,false,100,false,2019-04-05,2025-08-28,false
E0789,Data,North,Mid,31,4.2,65500,37.8,3.63,4.24,false,100,false,2021-02-14,2025-04-28,false
E0790,Engineering,North,Junior,36,1.1,53900,71.7,3.47,4.6,false,100,true,2024-04-22,2025-05-28,false
E0791,Data,West,Mid,34,7.0,64500,59.4,3.23,3.66,true,100,false,2018-03-29,2025-03-28,false
E0792,HR,North,Junior,29,0.1,39600,50.1,3.82,4.27,false,100,false,2024-12-23,2025-01-28,false
E0793,Operations,East,Junior,33,1.6,39700,52.5,3.25,3.86,false,100,false,2024-03-23,2025-10-28,false
E0794,Finance,North,Lead,49,12.8,107300,10.1,3.54,2.19,true,100,true,2012-11-09,2025-08-28,true
E0795,Marketing,West,Junior,30,2.2,41400,52.5,3.37,4.32,false,50,false,2022-12-18,2025-02-28,false
E0796,Engineering,North,Junior,23,1.8,59700,54.0,3.72,3.67,false,25,false,2023-07-11,2025-04-28,false
E0797,Operations,South,Senior,37,10.9,74700,28.9,3.88,4.07,false,50,true,2014-07-04,2025-05-28,false
E0798,Sales,North,Mid,29,4.9,52000,54.8,3.61,3.97,false,75,false,2020-09-03,2025-07-28,false
E0799,Sales,West,Mid,35,6.1,53900,37.9,4.28,3.22,false,100,true,2019-07-23,2025-08-28,false
E0800,Support,South,Mid,37,4.3,44900,54.7,3.9,3.83,false,100,false,2020-10-11,2025-01-28,false
E0801,Sales,East,Mid,35,2.5,51400,35.1,2.78,3.3,true,100,false,2023-01-27,2025-07-28,false
E0802,Data,East,Mid,34,4.4,64000,47.8,3.18,4.9,false,50,true,2021-03-04,2025-07-28,false
E0803,Support,West,Mid,33,2.8,49100,28.0,3.07,3.26,false,100,false,2022-04-12,2025-01-28,false
E0804,Data,South,Senior,35,8.7,87100,35.4,3.85,3.17,true,100,true,2016-08-16,2025-04-28,false
E0805,Operations,South,Mid,30,6.2,56100,35.0,4.16,4.23,false,75,false,2019-10-17,2025-12-28,false
E0806,Support,West,Junior,26,2.3,42300,68.1,3.27,3.98,false,100,false,2022-11-11,2025-02-28,false
E0807,Marketing,North,Junior,30,1.8,37400,43.0,4.04,4.66,false,100,true,2023-07-11,2025-04-28,false
E0808,Data,North,Mid,29,5.3,62800,50.1,3.95,5.0,false,100,false,2019-12-10,2025-03-28,false
E0809,Sales,North,Mid,29,2.4,51400,54.9,3.2,2.6,true,50,false,2023-04-05,2025-08-28,false
E0810,Marketing,West,Senior,33,7.4,69000,46.6,3.88,3.39,false,100,false,2018-02-03,2025-06-28,false
E0811,Support,North,Senior,35,12.8,66600,28.1,3.49,2.91,true,100,false,2013-03-11,2025-12-28,false
E0812,Sales,West,Junior,26,0.4,38100,54.7,3.96,3.89,false,75,false,2024-09-04,2025-01-28,false
E0813,Engineering,East,Mid,32,4.2,68000,59.6,4.02,4.45,false,50,true,2021-01-14,2025-03-28,false
E0814,Sales,East,Mid,38,4.3,48000,25.4,2.79,3.99,false,100,true,2021-03-11,2025-06-28,false
E0815,Engineering,North,Mid,46,6.9,74500,45.9,3.68,2.77,true,100,false,2018-09-03,2025-07-28,false
E0816,Operations,East,Lead,51,15.4,82400,19.2,3.62,3.18,false,0,false,2010-01-03,2025-05-28,false
E0817,Operations,East,Mid,27,2.2,50900,41.8,3.24,3.89,false,100,false,2023-09-17,2025-11-28,false
E0818,Data,North,Senior,31,6.8,79200,23.6,3.75,3.0,false,50,false,2018-11-10,2025-08-28,false
E0819,Engineering,East,Junior,37,2.5,60000,44.4,2.92,3.23,true,50,false,2022-08-30,2025-02-28,false
E0820,Sales,East,Junior,35,2.2,40000,52.3,3.63,3.55,false,50,false,2023-08-17,2025-10-28,false
E0821,Sales,North,Senior,35,7.3,59400,21.3,3.78,4.13,false,100,true,2017-11-11,2025-02-28,false
E0822,Engineering,South,Senior,45,12.9,101100,33.2,3.6,3.99,false,25,false,2013-01-04,2025-11-28,false
E0823,HR,East,Mid,34,4.7,54000,42.4,3.91,3.3,false,25,true,2020-10-16,2025-06-28,false
E0824,Marketing,North,Mid,29,5.3,57900,40.2,4.08,4.25,false,75,false,2020-07-11,2025-10-28,false
E0825,Finance,North,Mid,26,3.2,58400,50.9,3.26,4.18,false,100,false,2022-01-15,2025-03-28,false
E0826,Operations,South,Junior,25,2.8,44100,49.4,4.08,4.05,false,100,false,2023-01-10,2025-10-28,false
E0827,Data,South,Lead,48,14.0,115200,15.9,3.73,4.02,true,50,true,2011-11-29,2025-11-28,false
E0828,Sales,West,Senior,33,5.6,67300,35.2,2.84,3.76,false,0,false,2019-06-24,2025-01-28,false
E0829,HR,North,Junior,33,1.2,32000,42.6,3.19,4.43,false,75,false,2024-03-16,2025-05-28,false
E0830,Sales,North,Senior,37,7.9,71500,25.9,3.94,3.04,true,50,false,2017-10-04,2025-08-28,false
E0831,Sales,South,Senior,34,7.7,69100,22.9,3.84,3.11,true,0,true,2017-10-16,2025-06-28,false
E0832,Operations,East,Lead,43,9.9,79500,14.7,2.73,3.51,false,50,true,2015-07-05,2025-05-28,false
E0833,Data,South,Junior,26,0.6,55100,57.0,3.01,4.79,false,100,false,2024-11-21,2025-06-28,false
E0834,Marketing,East,Mid,36,3.9,57800,34.9,3.49,3.2,false,50,false,2021-04-06,2025-02-28,false
E0835,Data,South,Junior,29,1.8,48800,62.2,4.47,4.54,false,75,false,2023-12-11,2025-09-28,false
E0836,Operations,East,Mid,33,4.0,53900,47.7,3.43,2.42,true,50,false,2021-01-28,2025-01-28,false
E0837,Sales,South,Junior,27,2.2,37800,54.5,3.13,4.58,false,0,true,2023-02-15,2025-04-28,false
E0838,Support,South,Mid,26,2.3,46500,56.5,3.44,2.99,false,50,false,2023-08-11,2025-11-28,true
E0839,Sales,West,Junior,25,0.6,41500,39.8,4.12,3.87,false,100,false,2024-09-21,2025-04-28,false
E0840,Marketing,West,Lead,46,11.0,84000,28.8,3.73,3.23,false,50,false,2014-05-29,2025-05-28,false
E0841,Data,East,Mid,31,4.5,63600,46.3,3.05,2.99,true,100,true,2021-01-27,2025-07-28,false
E0842,Engineering,West,Mid,33,5.4,69500,39.5,3.95,3.03,true,50,false,2020-04-04,2025-08-28,true
E0843,Data,South,Mid,36,2.8,69200,50.8,4.89,2.8,false,25,false,2022-10-10,2025-07-28,false
E0844,Data,East,Mid,30,6.3,66200,51.8,3.23,3.82,false,50,false,2019-04-10,2025-07-28,false
E0845,Engineering,West,Junior,27,1.2,50300,49.5,3.3,3.89,false,25,false,2023-11-17,2025-01-28,false
E0846,Operations,East,Mid,30,5.7,54000,27.4,3.56,3.92,false,50,false,2020-04-17,2025-12-28,false
E0847,Support,North,Senior,44,8.1,61200,31.0,4.0,5.0,false,0,false,2017-07-23,2025-08-28,false
E0848,Engineering,South,Senior,35,5.6,92400,32.4,3.16,3.19,false,100,false,2020-01-22,2025-08-28,false
E0849,Sales,East,Mid,33,6.1,54500,44.8,4.1,2.81,false,100,false,2019-11-22,2025-12-28,false
E0850,Engineering,West,Junior,28,1.1,55600,85.8,3.82,4.41,false,75,false,2024-06-22,2025-07-28,false
E0851,Sales,North,Senior,39,5.5,69800,2,2.84,2.83,false,100,true,2019-12-29,2025-06-28,false
E0852,Operations,North,Lead,51,17.4,84800,20.1,3.57,4.14,false,0,false,2007-10-06,2025-02-28,false
E0853,Sales,East,Mid,38,6.4,56800,38.6,3.75,4.02,false,50,false,2018-09-05,2025-01-28,false
E0854,Data,West,Junior,20,0.7,47100,61.8,4.09,3.69,false,75,false,2025-02-15,2025-10-28,false
E0855,HR,South,Junior,27,0.4,39700,28.1,3.1,2.76,true,0,false,2024-12-03,2025-04-28,false
E0856,Data,South,Mid,33,3.4,66600,43.0,3.21,4.18,false,25,false,2022-03-05,2025-07-28,false
E0857,HR,South,Mid,29,4.2,51100,27.2,4.02,3.71,true,25,true,2021-02-14,2025-04-28,false
E0858,Sales,East,Senior,31,7.5,76800,60.7,4.15,3.9,false,50,true,2017-07-30,2025-01-28,false
E0859,Sales,North,Mid,38,6.7,53300,47.4,3.42,3.37,false,0,false,2018-09-15,2025-05-28,false
E0860,HR,North,Junior,24,0.7,36100,51.7,3.33,3.34,true,75,false,2025-04-17,2025-12-28,false
E0861,Finance,West,Senior,39,8.4,86700,42.6,4.49,4.54,false,50,true,2016-12-03,2025-04-28,false
E0862,Marketing,East,Mid,26,2.1,51800,42.4,3.84,4.17,false,100,false,2023-09-22,2025-10-28,false
E0863,Engineering,North,Junior,44,2.7,60300,67.5,3.53,4.42,false,100,false,2023-03-18,2025-11-28,true
E0864,Sales,East,Junior,29,2.0,39500,65.3,2.79,3.94,false,50,false,2023-04-29,2025-04-28,false
E0865,Operations,South,Junior,33,0.2,41400,57.9,3.32,3.69,false,25,false,2025-09-16,2025-11-28,false
E0866,Sales,East,Senior,30,6.1,65300,38.6,3.81,4.91,false,100,true,2018-12-23,2025-01-28,false
E0867,Support,North,Junior,29,0.1,33600,47.7,2.82,4.41,false,50,false,2025-07-23,2025-08-28,false
E0868,Sales,East,Mid,23,2.6,52100,60.5,3.46,4.22,false,50,false,2023-01-22,2025-08-28,false
E0869,Sales,North,Mid,30,3.7,54200,31.5,3.47,4.16,false,0,true,2022-01-16,2025-09-28,false
E0870,Engineering,East,Junior,35,1.3,54000,57.5,4.28,2.89,false,50,false,2024-01-10,2025-04-28,false
E0871,Operations,North,Junior,21,2.2,39300,41.5,2.73,2.96,true,50,false,2023-01-15,2025-03-28,false
E0872,Engineering,South,Mid,32,6.3,70700,71.1,3.85,4.52,false,50,true,2018-10-11,2025-01-28,false
E0873,Support,East,Mid,27,4.6,49800,34.3,3.28,4.37,false,0,true,2021-05-23,2025-12-28,false
E0874,Support,North,Senior,26,6.1,58400,31.8,3.44,4.27,false,100,true,2019-06-22,2025-07-28,false
E0875,Engineering,East,Junior,29,2.9,62400,70.9,3.16,4.55,false,25,false,2022-03-06,2025-01-28,false
E0876,Sales,North,Senior,41,9.8,75500,42.7,3.63,3.54,false,50,false,2016-03-11,2025-12-28,false
E0877,Data,North,Mid,39,6.5,70300,26.6,3.48,3.17,false,100,true,2019-06-29,2025-12-28,false
E0878,Marketing,East,Junior,27,2.5,35400,54.6,4.12,4.49,false,0,false,2023-06-29,2025-12-28,false
E0879,Data,East,Mid,36,6.2,66700,62.0,3.28,4.48,false,50,true,2019-10-17,2025-12-28,false
E0880,Marketing,West,Mid,30,6.4,54000,39.2,3.44,3.12,true,100,true,2018-12-04,2025-04-28,false
E0881,Marketing,West,Senior,46,10.7,74500,19.6,2.87,3.72,false,0,false,2014-11-15,2025-07-28,false
E0882,Engineering,South,Junior,37,2.8,61300,72.4,3.55,4.31,false,100,false,2022-09-10,2025-06-28,false
E0883,Support,East,Mid,20,2.2,48900,40.4,3.03,4.19,true,100,false,2023-04-17,2025-06-28,false
E0884,Engineering,West,Senior,34,7.7,83400,22.9,3.28,3.72,false,50,false,2018-03-18,2025-11-28,false
E0885,Marketing,South,Senior,39,6.6,64700,24.9,3.49,4.06,false,25,true,2018-10-22,2025-05-28,false
E0886,Operations,East,Senior,38,9.3,64000,41.1,3.19,2.26,true,0,true,2016-02-09,2025-05-28,false
E0887,Finance,East,Mid,46,6.6,70300,51.1,5.0,2.84,false,50,true,2018-06-24,2025-01-28,false
E0888,Engineering,East,Junior,39,0.7,50700,50.7,3.24,3.94,false,50,false,2024-05-18,2025-01-28,false
E0889,Sales,West,Mid,28,4.8,53600,50.4,4.46,3.34,false,100,false,2020-09-09,2025-06-28,false
E0890,Data,East,Mid,33,6.6,67800,59.7,4.67,2.97,true,75,false,2019-02-22,2025-09-28,false
E0891,Engineering,West,Mid,32,2.5,62300,36.1,3.46,4.45,false,100,false,2023-02-27,2025-08-28,false
E0892,Sales,West,Junior,35,3.0,48600,55.7,3.76,3.14,false,100,true,2022-06-29,2025-06-28,false
E0893,Operations,East,Lead,43,16.7,86500,16.5,3.23,2.33,false,25,false,2008-10-16,2025-06-28,false
E0894,Operations,West,Junior,32,1.6,38500,45.3,3.03,3.16,true,75,true,2023-07-25,2025-02-28,false
E0895,Sales,South,Senior,28,7.0,67600,34.0,3.72,3.99,false,50,false,2018-10-29,2025-10-28,false
E0896,Operations,West,Mid,34,4.4,52700,36.3,3.64,3.32,false,25,true,2021-01-02,2025-05-28,false
E0897,Data,North,Mid,33,5.8,66300,21.5,3.97,2.14,true,50,false,2019-04-12,2025-01-28,false
E0898,Data,East,Senior,53,12.6,94500,49.2,4.81,2.64,true,25,false,2013-03-23,2025-10-28,false
E0899,Engineering,West,Senior,41,12.0,96700,36.1,4.92,3.05,true,50,false,2013-05-28,2025-05-28,false
E0900,Engineering,South,Mid,27,2.8,67600,50.2,4.03,3.02,true,75,false,2022-10-10,2025-07-28,false
